[1 - Suricata-Main] 2026-07-13 19:09:43 Notice: suricata: This is Suricata version 8.0.6 RELEASE running in SYSTEM mode
[1 - Suricata-Main] 2026-07-13 19:09:43 Info: cpu: CPUs/cores online: 12
[1 - Suricata-Main] 2026-07-13 19:09:43 Info: suricata: Setting engine mode to IDS mode by default
[1 - Suricata-Main] 2026-07-13 19:09:43 Info: exception-policy: master exception-policy set to: auto
[1 - Suricata-Main] 2026-07-13 19:09:43 Info: privs: dropped the caps for main thread
[1 - Suricata-Main] 2026-07-13 19:09:43 Info: conf: Running in live mode, activating unix socket
[1 - Suricata-Main] 2026-07-13 19:09:43 Info: logopenfile: fast output device (regular) initialized: fast.log
[1 - Suricata-Main] 2026-07-13 19:09:43 Info: logopenfile: eve-log output device (regular) initialized: eve.json
[1 - Suricata-Main] 2026-07-13 19:09:43 Info: logopenfile: stats output device (regular) initialized: stats.log
[1 - Suricata-Main] 2026-07-13 19:09:43 Warning: detect: No rule files match the pattern /var/lib/suricata/rules/suricata.rules
[1 - Suricata-Main] 2026-07-13 19:09:43 Warning: detect: 1 rule files specified, but no rules were loaded!
[1 - Suricata-Main] 2026-07-13 19:09:43 Info: threshold-config: Threshold config parsed: 0 rule(s) found
[1 - Suricata-Main] 2026-07-13 19:09:43 Info: detect: 0 signatures processed. 0 are IP-only rules, 0 are inspecting packet payload, 0 inspect application layer, 0 are decoder event only
[1 - Suricata-Main] 2026-07-13 19:09:43 Info: unix-manager: unix socket '/var/run/suricata/suricata-command.socket'
[1 - Suricata-Main] 2026-07-13 19:09:43 Info: runmodes: eth0: creating 12 threads
[21 - W#01-eth0] 2026-07-13 19:09:43 Info: ioctl: eth0: MTU 1500
[1 - Suricata-Main] 2026-07-13 19:09:44 Notice: threads: Threads created -> W: 12 FM: 1 FR: 1   Engine started.
[1 - Suricata-Main] 2026-07-14 18:46:11 Notice: suricata: Signal Received.  Stopping engine.
[1 - Suricata-Main] 2026-07-14 18:46:11 Info: suricata: time elapsed 84988.133s
[1 - Suricata-Main] 2026-07-14 18:46:13 Info: counters: Alerts: 0
[1 - Suricata-Main] 2026-07-14 18:46:13 Notice: device: eth0: packets: 45, drops: 0 (0.00%), invalid chksum: 0
[1 - Suricata-Main] 2026-07-14 22:01:19 Notice: suricata: This is Suricata version 8.0.6 RELEASE running in SYSTEM mode
[1 - Suricata-Main] 2026-07-14 22:01:19 Info: cpu: CPUs/cores online: 12
[1 - Suricata-Main] 2026-07-14 22:01:19 Info: suricata: Setting engine mode to IDS mode by default
[1 - Suricata-Main] 2026-07-14 22:01:19 Info: exception-policy: master exception-policy set to: auto
[1 - Suricata-Main] 2026-07-14 22:01:29 Info: privs: dropped the caps for main thread
[1 - Suricata-Main] 2026-07-14 22:01:29 Info: conf: Running in live mode, activating unix socket
[1 - Suricata-Main] 2026-07-14 22:01:29 Info: logopenfile: fast output device (regular) initialized: fast.log
[1 - Suricata-Main] 2026-07-14 22:01:29 Info: logopenfile: eve-log output device (regular) initialized: eve.json
[1 - Suricata-Main] 2026-07-14 22:01:29 Info: logopenfile: stats output device (regular) initialized: stats.log
[1 - Suricata-Main] 2026-07-14 22:01:29 Warning: detect: No rule files match the pattern /var/lib/suricata/rules/suricata.rules
[1 - Suricata-Main] 2026-07-14 22:01:29 Warning: detect: 1 rule files specified, but no rules were loaded!
[1 - Suricata-Main] 2026-07-14 22:01:29 Info: threshold-config: Threshold config parsed: 0 rule(s) found
[1 - Suricata-Main] 2026-07-14 22:01:29 Info: detect: 0 signatures processed. 0 are IP-only rules, 0 are inspecting packet payload, 0 inspect application layer, 0 are decoder event only
[1 - Suricata-Main] 2026-07-14 22:01:29 Info: unix-manager: unix socket '/var/run/suricata/suricata-command.socket'
[1 - Suricata-Main] 2026-07-14 22:01:29 Info: runmodes: eth0: creating 12 threads
[37 - W#01-eth0] 2026-07-14 22:01:29 Info: ioctl: eth0: MTU 1500
[1 - Suricata-Main] 2026-07-14 22:01:30 Notice: threads: Threads created -> W: 12 FM: 1 FR: 1   Engine started.
[53 - Suricata-Main] 2026-07-14 22:01:35 Notice: suricata: This is Suricata version 8.0.6 RELEASE running in SYSTEM mode
[53 - Suricata-Main] 2026-07-14 22:01:35 Info: cpu: CPUs/cores online: 12
[53 - Suricata-Main] 2026-07-14 22:01:35 Info: suricata: Setting engine mode to IDS mode by default
[53 - Suricata-Main] 2026-07-14 22:01:35 Info: exception-policy: master exception-policy set to: auto
[53 - Suricata-Main] 2026-07-14 22:01:35 Info: conf: Running in live mode, activating unix socket
[53 - Suricata-Main] 2026-07-14 22:01:35 Info: logopenfile: fast output device (regular) initialized: fast.log
[53 - Suricata-Main] 2026-07-14 22:01:35 Info: logopenfile: eve-log output device (regular) initialized: eve.json
[53 - Suricata-Main] 2026-07-14 22:01:35 Info: logopenfile: stats output device (regular) initialized: stats.log
[53 - Suricata-Main] 2026-07-14 22:01:35 Warning: detect: No rule files match the pattern /var/lib/suricata/rules/suricata.rules
[53 - Suricata-Main] 2026-07-14 22:01:35 Warning: detect: 1 rule files specified, but no rules were loaded!
[53 - Suricata-Main] 2026-07-14 22:01:35 Info: threshold-config: Threshold config parsed: 0 rule(s) found
[53 - Suricata-Main] 2026-07-14 22:01:35 Info: detect: 0 signatures processed. 0 are IP-only rules, 0 are inspecting packet payload, 0 inspect application layer, 0 are decoder event only
[53 - Suricata-Main] 2026-07-14 22:01:35 Info: unix-manager: unix socket '/var/run/suricata/suricata-command.socket'
[53 - Suricata-Main] 2026-07-14 22:01:35 Error: af-packet: fanout not supported by kernel: Kernel too old or cluster-id 99 already in use.
[53 - Suricata-Main] 2026-07-14 22:01:35 Info: runmodes: eth0: creating 1 thread
[55 - W#01-eth0] 2026-07-14 22:01:35 Info: ioctl: eth0: MTU 1500
[53 - Suricata-Main] 2026-07-14 22:01:35 Notice: threads: Threads created -> W: 1 FM: 1 FR: 1   Engine started.
[53 - Suricata-Main] 2026-07-14 22:03:24 Notice: suricata: Signal Received.  Stopping engine.
[53 - Suricata-Main] 2026-07-14 22:03:25 Info: suricata: time elapsed 109.668s
[53 - Suricata-Main] 2026-07-14 22:03:25 Info: counters: Alerts: 0
[53 - Suricata-Main] 2026-07-14 22:03:25 Notice: device: eth0: packets: 0, drops: 0 (0.00%), invalid chksum: 0
[86 - Suricata-Main] 2026-07-14 22:05:50 Notice: suricata: This is Suricata version 8.0.6 RELEASE running in SYSTEM mode
[86 - Suricata-Main] 2026-07-14 22:05:50 Info: cpu: CPUs/cores online: 12
[86 - Suricata-Main] 2026-07-14 22:05:50 Info: suricata: Setting engine mode to IDS mode by default
[86 - Suricata-Main] 2026-07-14 22:05:50 Info: exception-policy: master exception-policy set to: auto
[86 - Suricata-Main] 2026-07-14 22:05:50 Info: conf: Running in live mode, activating unix socket
[86 - Suricata-Main] 2026-07-14 22:05:50 Info: logopenfile: fast output device (regular) initialized: fast.log
[86 - Suricata-Main] 2026-07-14 22:05:50 Info: logopenfile: eve-log output device (regular) initialized: eve.json
[86 - Suricata-Main] 2026-07-14 22:05:50 Info: logopenfile: stats output device (regular) initialized: stats.log
[86 - Suricata-Main] 2026-07-14 22:05:50 Warning: detect: No rule files match the pattern /var/lib/suricata/rules/suricata.rules
[86 - Suricata-Main] 2026-07-14 22:05:50 Warning: detect: 1 rule files specified, but no rules were loaded!
[86 - Suricata-Main] 2026-07-14 22:05:50 Info: threshold-config: Threshold config parsed: 0 rule(s) found
[86 - Suricata-Main] 2026-07-14 22:05:50 Info: detect: 0 signatures processed. 0 are IP-only rules, 0 are inspecting packet payload, 0 inspect application layer, 0 are decoder event only
[86 - Suricata-Main] 2026-07-14 22:05:50 Info: unix-manager: unix socket '/var/run/suricata/suricata-command.socket'
[86 - Suricata-Main] 2026-07-14 22:05:50 Warning: af-packet: eth0: copy mode activated but no destination iface. Disabling feature
[94 - W#01-eth0] 2026-07-14 22:05:50 Info: ioctl: eth0: MTU 1500
[86 - Suricata-Main] 2026-07-14 22:05:50 Notice: threads: Threads created -> W: 1 FM: 1 FR: 1   Engine started.
[86 - Suricata-Main] 2026-07-14 22:06:33 Notice: suricata: Signal Received.  Stopping engine.
[86 - Suricata-Main] 2026-07-14 22:06:34 Info: suricata: time elapsed 43.896s
[86 - Suricata-Main] 2026-07-14 22:06:34 Info: counters: Alerts: 0
[86 - Suricata-Main] 2026-07-14 22:06:34 Notice: device: eth0: packets: 0, drops: 0 (0.00%), invalid chksum: 0
[119 - Suricata-Main] 2026-07-14 22:18:47 Notice: suricata: This is Suricata version 8.0.6 RELEASE running in SYSTEM mode
[119 - Suricata-Main] 2026-07-14 22:18:47 Info: cpu: CPUs/cores online: 12
[119 - Suricata-Main] 2026-07-14 22:18:47 Info: suricata: Setting engine mode to IDS mode by default
[119 - Suricata-Main] 2026-07-14 22:18:47 Info: exception-policy: master exception-policy set to: auto
[119 - Suricata-Main] 2026-07-14 22:18:47 Info: conf: Running in live mode, activating unix socket
[119 - Suricata-Main] 2026-07-14 22:18:47 Info: logopenfile: fast output device (regular) initialized: fast.log
[119 - Suricata-Main] 2026-07-14 22:18:47 Info: logopenfile: eve-log output device (regular) initialized: eve.json
[119 - Suricata-Main] 2026-07-14 22:18:47 Info: logopenfile: stats output device (regular) initialized: stats.log
[119 - Suricata-Main] 2026-07-14 22:18:47 Error: detect-parse: protocol "modbus" cannot be used in a signature.  Either detection for this protocol is not yet supported OR detection has been disabled for protocol through the yaml option app-layer.protocols.modbus.detection-enabled
[119 - Suricata-Main] 2026-07-14 22:18:47 Error: detect: error parsing signature "alert modbus any any -> any any (msg:"MODBUS ataque detectado"; modbus: function 3; sid:1000001;)" from file /etc/suricata/rules/suricata.rules at line 1
[119 - Suricata-Main] 2026-07-14 22:18:47 Warning: detect: 1 rule files specified, but no rules were loaded!
[119 - Suricata-Main] 2026-07-14 22:18:47 Info: threshold-config: Threshold config parsed: 0 rule(s) found
[119 - Suricata-Main] 2026-07-14 22:18:47 Info: detect: 0 signatures processed. 0 are IP-only rules, 0 are inspecting packet payload, 0 inspect application layer, 0 are decoder event only
[119 - Suricata-Main] 2026-07-14 22:18:47 Info: unix-manager: unix socket '/var/run/suricata/suricata-command.socket'
[119 - Suricata-Main] 2026-07-14 22:18:47 Warning: af-packet: eth0: copy mode activated but no destination iface. Disabling feature
[119 - Suricata-Main] 2026-07-14 22:18:47 Error: af-packet: fanout not supported by kernel: Kernel too old or cluster-id 99 already in use.
[119 - Suricata-Main] 2026-07-14 22:18:47 Info: runmodes: eth0: creating 1 thread
[127 - W#01-eth0] 2026-07-14 22:18:47 Info: ioctl: eth0: MTU 1500
[119 - Suricata-Main] 2026-07-14 22:18:47 Notice: threads: Threads created -> W: 1 FM: 1 FR: 1   Engine started.
[119 - Suricata-Main] 2026-07-14 22:19:48 Notice: suricata: Signal Received.  Stopping engine.
[119 - Suricata-Main] 2026-07-14 22:19:49 Info: suricata: time elapsed 61.844s
[119 - Suricata-Main] 2026-07-14 22:19:49 Info: counters: Alerts: 0
[119 - Suricata-Main] 2026-07-14 22:19:49 Notice: device: eth0: packets: 0, drops: 0 (0.00%), invalid chksum: 0
[1 - Suricata-Main] 2026-07-14 22:20:01 Notice: suricata: Signal Received.  Stopping engine.
[1 - Suricata-Main] 2026-07-14 22:20:01 Info: suricata: time elapsed 1112.159s
[1 - Suricata-Main] 2026-07-14 22:20:01 Info: counters: Alerts: 0
[1 - Suricata-Main] 2026-07-14 22:20:01 Notice: device: eth0: packets: 0, drops: 0 (0.00%), invalid chksum: 0
[1 - Suricata-Main] 2026-07-14 22:20:10 Notice: suricata: This is Suricata version 8.0.6 RELEASE running in SYSTEM mode
[1 - Suricata-Main] 2026-07-14 22:20:10 Info: cpu: CPUs/cores online: 12
[1 - Suricata-Main] 2026-07-14 22:20:10 Info: suricata: Setting engine mode to IDS mode by default
[1 - Suricata-Main] 2026-07-14 22:20:10 Info: exception-policy: master exception-policy set to: auto
[1 - Suricata-Main] 2026-07-14 22:20:11 Info: privs: dropped the caps for main thread
[1 - Suricata-Main] 2026-07-14 22:20:11 Info: conf: Running in live mode, activating unix socket
[1 - Suricata-Main] 2026-07-14 22:20:11 Info: logopenfile: fast output device (regular) initialized: fast.log
[1 - Suricata-Main] 2026-07-14 22:20:11 Info: logopenfile: eve-log output device (regular) initialized: eve.json
[1 - Suricata-Main] 2026-07-14 22:20:11 Info: logopenfile: stats output device (regular) initialized: stats.log
[1 - Suricata-Main] 2026-07-14 22:20:11 Info: detect: 1 rule files processed. 1 rules successfully loaded, 0 rules failed, 0 rules skipped
[1 - Suricata-Main] 2026-07-14 22:20:11 Info: threshold-config: Threshold config parsed: 0 rule(s) found
[1 - Suricata-Main] 2026-07-14 22:20:11 Info: detect: 1 signatures processed. 1 are IP-only rules, 0 are inspecting packet payload, 0 inspect application layer, 0 are decoder event only
[1 - Suricata-Main] 2026-07-14 22:20:11 Info: unix-manager: unix socket '/var/run/suricata/suricata-command.socket'
[1 - Suricata-Main] 2026-07-14 22:20:11 Warning: af-packet: eth0: copy mode activated but no destination iface. Disabling feature
[1 - Suricata-Main] 2026-07-14 22:20:11 Info: runmodes: eth0: creating 12 threads
[21 - W#01-eth0] 2026-07-14 22:20:11 Info: ioctl: eth0: MTU 1500
[1 - Suricata-Main] 2026-07-14 22:20:11 Notice: threads: Threads created -> W: 12 FM: 1 FR: 1   Engine started.
[1 - Suricata-Main] 2026-07-14 22:33:56 Notice: suricata: Signal Received.  Stopping engine.
[1 - Suricata-Main] 2026-07-14 22:33:57 Info: suricata: time elapsed 826.257s
[1 - Suricata-Main] 2026-07-14 22:33:58 Info: counters: Alerts: 0
[1 - Suricata-Main] 2026-07-14 22:33:58 Notice: device: eth0: packets: 12, drops: 0 (0.00%), invalid chksum: 0
[1 - Suricata-Main] 2026-07-14 22:33:59 Notice: suricata: This is Suricata version 8.0.6 RELEASE running in SYSTEM mode
[1 - Suricata-Main] 2026-07-14 22:33:59 Info: cpu: CPUs/cores online: 12
[1 - Suricata-Main] 2026-07-14 22:33:59 Info: suricata: Setting engine mode to IDS mode by default
[1 - Suricata-Main] 2026-07-14 22:33:59 Info: exception-policy: master exception-policy set to: auto
[1 - Suricata-Main] 2026-07-14 22:33:59 Info: privs: dropped the caps for main thread
[1 - Suricata-Main] 2026-07-14 22:33:59 Info: conf: Running in live mode, activating unix socket
[1 - Suricata-Main] 2026-07-14 22:33:59 Info: logopenfile: fast output device (regular) initialized: fast.log
[1 - Suricata-Main] 2026-07-14 22:33:59 Info: logopenfile: eve-log output device (regular) initialized: eve.json
[1 - Suricata-Main] 2026-07-14 22:33:59 Info: logopenfile: stats output device (regular) initialized: stats.log
[1 - Suricata-Main] 2026-07-14 22:33:59 Info: detect: 1 rule files processed. 1 rules successfully loaded, 0 rules failed, 0 rules skipped
[1 - Suricata-Main] 2026-07-14 22:33:59 Info: threshold-config: Threshold config parsed: 0 rule(s) found
[1 - Suricata-Main] 2026-07-14 22:33:59 Info: detect: 1 signatures processed. 1 are IP-only rules, 0 are inspecting packet payload, 0 inspect application layer, 0 are decoder event only
[1 - Suricata-Main] 2026-07-14 22:33:59 Info: unix-manager: unix socket '/var/run/suricata/suricata-command.socket'
[1 - Suricata-Main] 2026-07-14 22:33:59 Warning: af-packet: eth0: copy mode activated but no destination iface. Disabling feature
[1 - Suricata-Main] 2026-07-14 22:33:59 Info: runmodes: eth0: creating 12 threads
[21 - W#01-eth0] 2026-07-14 22:33:59 Info: ioctl: eth0: MTU 1500
[1 - Suricata-Main] 2026-07-14 22:34:00 Notice: threads: Threads created -> W: 12 FM: 1 FR: 1   Engine started.
[1 - Suricata-Main] 2026-07-15 09:24:03 Notice: suricata: Signal Received.  Stopping engine.
[1 - Suricata-Main] 2026-07-15 09:24:04 Info: suricata: time elapsed 39004.973s
[1 - Suricata-Main] 2026-07-15 09:24:04 Info: counters: Alerts: 0
[1 - Suricata-Main] 2026-07-15 09:24:04 Notice: device: eth0: packets: 9, drops: 0 (0.00%), invalid chksum: 0
[1 - Suricata-Main] 2026-07-15 09:24:47 Notice: suricata: This is Suricata version 8.0.6 RELEASE running in SYSTEM mode
[1 - Suricata-Main] 2026-07-15 09:24:47 Info: cpu: CPUs/cores online: 12
[1 - Suricata-Main] 2026-07-15 09:24:47 Info: suricata: Setting engine mode to IDS mode by default
[1 - Suricata-Main] 2026-07-15 09:24:47 Info: exception-policy: master exception-policy set to: auto
[1 - Suricata-Main] 2026-07-15 09:24:47 Info: privs: dropped the caps for main thread
[1 - Suricata-Main] 2026-07-15 09:24:47 Info: conf: Running in live mode, activating unix socket
[1 - Suricata-Main] 2026-07-15 09:24:47 Info: logopenfile: fast output device (regular) initialized: fast.log
[1 - Suricata-Main] 2026-07-15 09:24:47 Info: logopenfile: eve-log output device (regular) initialized: eve.json
[1 - Suricata-Main] 2026-07-15 09:24:47 Info: logopenfile: stats output device (regular) initialized: stats.log
[1 - Suricata-Main] 2026-07-15 09:24:47 Info: detect: 1 rule files processed. 1 rules successfully loaded, 0 rules failed, 0 rules skipped
[1 - Suricata-Main] 2026-07-15 09:24:47 Info: threshold-config: Threshold config parsed: 0 rule(s) found
[1 - Suricata-Main] 2026-07-15 09:24:47 Info: detect: 1 signatures processed. 1 are IP-only rules, 0 are inspecting packet payload, 0 inspect application layer, 0 are decoder event only
[1 - Suricata-Main] 2026-07-15 09:24:47 Info: unix-manager: unix socket '/var/run/suricata/suricata-command.socket'
[1 - Suricata-Main] 2026-07-15 09:24:47 Info: runmodes: eth0: creating 12 threads
[21 - W#01-eth0] 2026-07-15 09:24:47 Info: ioctl: eth0: MTU 1500
[1 - Suricata-Main] 2026-07-15 09:24:48 Notice: threads: Threads created -> W: 12 FM: 1 FR: 1   Engine started.
[1 - Suricata-Main] 2026-07-15 11:33:21 Notice: suricata: Signal Received.  Stopping engine.
[1 - Suricata-Main] 2026-07-15 11:33:21 Info: suricata: time elapsed 7714.301s
[1 - Suricata-Main] 2026-07-15 11:33:22 Info: counters: Alerts: 8
[1 - Suricata-Main] 2026-07-15 11:33:23 Notice: device: eth0: packets: 122129, drops: 88 (0.07%), invalid chksum: 0
[1 - Suricata-Main] 2026-07-15 11:33:24 Notice: suricata: This is Suricata version 8.0.6 RELEASE running in SYSTEM mode
[1 - Suricata-Main] 2026-07-15 11:33:24 Info: cpu: CPUs/cores online: 12
[1 - Suricata-Main] 2026-07-15 11:33:24 Info: suricata: Setting engine mode to IDS mode by default
[1 - Suricata-Main] 2026-07-15 11:33:24 Info: exception-policy: master exception-policy set to: auto
[1 - Suricata-Main] 2026-07-15 11:33:24 Info: privs: dropped the caps for main thread
[1 - Suricata-Main] 2026-07-15 11:33:24 Info: conf: Running in live mode, activating unix socket
[1 - Suricata-Main] 2026-07-15 11:33:24 Info: logopenfile: fast output device (regular) initialized: fast.log
[1 - Suricata-Main] 2026-07-15 11:33:24 Info: logopenfile: eve-log output device (regular) initialized: eve.json
[1 - Suricata-Main] 2026-07-15 11:33:24 Info: logopenfile: stats output device (regular) initialized: stats.log
[1 - Suricata-Main] 2026-07-15 11:33:24 Info: detect: 1 rule files processed. 5 rules successfully loaded, 0 rules failed, 0 rules skipped
[1 - Suricata-Main] 2026-07-15 11:33:24 Info: threshold-config: Threshold config parsed: 0 rule(s) found
[1 - Suricata-Main] 2026-07-15 11:33:24 Info: detect: 5 signatures processed. 0 are IP-only rules, 4 are inspecting packet payload, 0 inspect application layer, 0 are decoder event only
[1 - Suricata-Main] 2026-07-15 11:33:24 Info: unix-manager: unix socket '/var/run/suricata/suricata-command.socket'
[1 - Suricata-Main] 2026-07-15 11:33:24 Info: runmodes: eth0: creating 12 threads
[21 - W#01-eth0] 2026-07-15 11:33:24 Info: ioctl: eth0: MTU 1500
[1 - Suricata-Main] 2026-07-15 11:33:25 Notice: threads: Threads created -> W: 12 FM: 1 FR: 1   Engine started.
[1 - Suricata-Main] 2026-07-15 11:41:37 Notice: suricata: Signal Received.  Stopping engine.
[1 - Suricata-Main] 2026-07-15 11:41:38 Info: suricata: time elapsed 493.845s
[1 - Suricata-Main] 2026-07-15 11:41:38 Info: counters: Alerts: 109448
[1 - Suricata-Main] 2026-07-15 11:41:38 Notice: device: eth0: packets: 219614, drops: 853 (0.39%), invalid chksum: 0
[1 - Suricata-Main] 2026-07-15 11:41:39 Notice: suricata: This is Suricata version 8.0.6 RELEASE running in SYSTEM mode
[1 - Suricata-Main] 2026-07-15 11:41:39 Info: cpu: CPUs/cores online: 12
[1 - Suricata-Main] 2026-07-15 11:41:39 Info: suricata: Setting engine mode to IDS mode by default
[1 - Suricata-Main] 2026-07-15 11:41:39 Info: exception-policy: master exception-policy set to: auto
[1 - Suricata-Main] 2026-07-15 11:41:40 Info: privs: dropped the caps for main thread
[1 - Suricata-Main] 2026-07-15 11:41:40 Info: conf: Running in live mode, activating unix socket
[1 - Suricata-Main] 2026-07-15 11:41:40 Info: logopenfile: fast output device (regular) initialized: fast.log
[1 - Suricata-Main] 2026-07-15 11:41:40 Info: logopenfile: eve-log output device (regular) initialized: eve.json
[1 - Suricata-Main] 2026-07-15 11:41:40 Info: logopenfile: stats output device (regular) initialized: stats.log
[1 - Suricata-Main] 2026-07-15 11:41:40 Info: detect: 1 rule files processed. 9 rules successfully loaded, 0 rules failed, 0 rules skipped
[1 - Suricata-Main] 2026-07-15 11:41:40 Info: threshold-config: Threshold config parsed: 0 rule(s) found
[1 - Suricata-Main] 2026-07-15 11:41:40 Info: detect: 9 signatures processed. 0 are IP-only rules, 8 are inspecting packet payload, 0 inspect application layer, 0 are decoder event only
[1 - Suricata-Main] 2026-07-15 11:41:40 Info: unix-manager: unix socket '/var/run/suricata/suricata-command.socket'
[1 - Suricata-Main] 2026-07-15 11:41:40 Info: runmodes: eth0: creating 12 threads
[21 - W#01-eth0] 2026-07-15 11:41:40 Info: ioctl: eth0: MTU 1500
[1 - Suricata-Main] 2026-07-15 11:41:41 Notice: threads: Threads created -> W: 12 FM: 1 FR: 1   Engine started.
[1 - Suricata-Main] 2026-07-15 14:37:52 Notice: suricata: Signal Received.  Stopping engine.
[1 - Suricata-Main] 2026-07-15 14:37:53 Info: suricata: time elapsed 10573.120s
[1 - Suricata-Main] 2026-07-15 14:37:54 Info: counters: Alerts: 574081
[1 - Suricata-Main] 2026-07-15 14:37:55 Notice: device: eth0: packets: 1155764, drops: 2725 (0.24%), invalid chksum: 0
[1 - Suricata-Main] 2026-07-15 14:38:14 Notice: suricata: This is Suricata version 8.0.6 RELEASE running in SYSTEM mode
[1 - Suricata-Main] 2026-07-15 14:38:14 Info: cpu: CPUs/cores online: 12
[1 - Suricata-Main] 2026-07-15 14:38:14 Info: suricata: Setting engine mode to IDS mode by default
[1 - Suricata-Main] 2026-07-15 14:38:14 Info: exception-policy: master exception-policy set to: auto
[1 - Suricata-Main] 2026-07-15 14:38:15 Info: privs: dropped the caps for main thread
[1 - Suricata-Main] 2026-07-15 14:38:15 Info: conf: Running in live mode, activating unix socket
[1 - Suricata-Main] 2026-07-15 14:38:15 Info: logopenfile: fast output device (regular) initialized: fast.log
[1 - Suricata-Main] 2026-07-15 14:38:15 Info: logopenfile: eve-log output device (regular) initialized: eve.json
[1 - Suricata-Main] 2026-07-15 14:38:15 Info: logopenfile: stats output device (regular) initialized: stats.log
[1 - Suricata-Main] 2026-07-15 14:38:15 Info: detect: 1 rule files processed. 9 rules successfully loaded, 0 rules failed, 0 rules skipped
[1 - Suricata-Main] 2026-07-15 14:38:15 Info: threshold-config: Threshold config parsed: 0 rule(s) found
[1 - Suricata-Main] 2026-07-15 14:38:15 Info: detect: 9 signatures processed. 0 are IP-only rules, 8 are inspecting packet payload, 0 inspect application layer, 0 are decoder event only
[1 - Suricata-Main] 2026-07-15 14:38:15 Info: unix-manager: unix socket '/var/run/suricata/suricata-command.socket'
[1 - Suricata-Main] 2026-07-15 14:38:15 Info: runmodes: eth0: creating 12 threads
[20 - W#01-eth0] 2026-07-15 14:38:16 Info: ioctl: eth0: MTU 1500
[1 - Suricata-Main] 2026-07-15 14:38:16 Notice: threads: Threads created -> W: 12 FM: 1 FR: 1   Engine started.
[1 - Suricata-Main] 2026-07-15 16:20:21 Notice: suricata: Signal Received.  Stopping engine.
[1 - Suricata-Main] 2026-07-15 16:20:21 Info: suricata: time elapsed 6126.338s
[1 - Suricata-Main] 2026-07-15 16:20:23 Info: counters: Alerts: 0
[1 - Suricata-Main] 2026-07-15 16:20:23 Notice: device: eth0: packets: 23, drops: 0 (0.00%), invalid chksum: 0
[1 - Suricata-Main] 2026-07-15 17:02:55 Notice: suricata: This is Suricata version 8.0.6 RELEASE running in SYSTEM mode
[1 - Suricata-Main] 2026-07-15 17:02:55 Info: cpu: CPUs/cores online: 12
[1 - Suricata-Main] 2026-07-15 17:02:55 Info: suricata: Setting engine mode to IDS mode by default
[1 - Suricata-Main] 2026-07-15 17:02:55 Info: exception-policy: master exception-policy set to: auto
[1 - Suricata-Main] 2026-07-15 17:02:55 Info: privs: dropped the caps for main thread
[1 - Suricata-Main] 2026-07-15 17:02:55 Info: conf: Running in live mode, activating unix socket
[1 - Suricata-Main] 2026-07-15 17:02:55 Info: logopenfile: fast output device (regular) initialized: fast.log
[1 - Suricata-Main] 2026-07-15 17:02:55 Info: logopenfile: eve-log output device (regular) initialized: eve.json
[1 - Suricata-Main] 2026-07-15 17:02:55 Info: logopenfile: stats output device (regular) initialized: stats.log
[1 - Suricata-Main] 2026-07-15 17:02:55 Info: detect: 1 rule files processed. 9 rules successfully loaded, 0 rules failed, 0 rules skipped
[1 - Suricata-Main] 2026-07-15 17:02:55 Info: threshold-config: Threshold config parsed: 0 rule(s) found
[1 - Suricata-Main] 2026-07-15 17:02:55 Info: detect: 9 signatures processed. 0 are IP-only rules, 8 are inspecting packet payload, 0 inspect application layer, 0 are decoder event only
[1 - Suricata-Main] 2026-07-15 17:02:55 Info: unix-manager: unix socket '/var/run/suricata/suricata-command.socket'
[1 - Suricata-Main] 2026-07-15 17:02:55 Info: runmodes: eth0: creating 12 threads
[21 - W#01-eth0] 2026-07-15 17:02:55 Info: ioctl: eth0: MTU 1500
[1 - Suricata-Main] 2026-07-15 17:02:56 Notice: threads: Threads created -> W: 12 FM: 1 FR: 1   Engine started.
[1 - Suricata-Main] 2026-07-15 17:11:39 Notice: suricata: Signal Received.  Stopping engine.
[1 - Suricata-Main] 2026-07-15 17:11:39 Info: suricata: time elapsed 524.055s
[1 - Suricata-Main] 2026-07-15 17:11:39 Info: counters: Alerts: 1
[1 - Suricata-Main] 2026-07-15 17:11:39 Notice: device: eth0: packets: 206, drops: 0 (0.00%), invalid chksum: 0
[1 - Suricata-Main] 2026-07-15 17:12:00 Notice: suricata: This is Suricata version 8.0.6 RELEASE running in SYSTEM mode
[1 - Suricata-Main] 2026-07-15 17:12:00 Info: cpu: CPUs/cores online: 12
[1 - Suricata-Main] 2026-07-15 17:12:00 Info: suricata: Setting engine mode to IDS mode by default
[1 - Suricata-Main] 2026-07-15 17:12:00 Info: exception-policy: master exception-policy set to: auto
[1 - Suricata-Main] 2026-07-15 17:12:00 Info: privs: dropped the caps for main thread
[1 - Suricata-Main] 2026-07-15 17:12:00 Info: conf: Running in live mode, activating unix socket
[1 - Suricata-Main] 2026-07-15 17:12:00 Info: logopenfile: fast output device (regular) initialized: fast.log
[1 - Suricata-Main] 2026-07-15 17:12:01 Info: logopenfile: eve-log output device (regular) initialized: eve.json
[1 - Suricata-Main] 2026-07-15 17:12:01 Info: logopenfile: stats output device (regular) initialized: stats.log
[1 - Suricata-Main] 2026-07-15 17:12:01 Info: detect: 1 rule files processed. 9 rules successfully loaded, 0 rules failed, 0 rules skipped
[1 - Suricata-Main] 2026-07-15 17:12:01 Info: threshold-config: Threshold config parsed: 0 rule(s) found
[1 - Suricata-Main] 2026-07-15 17:12:01 Info: detect: 9 signatures processed. 0 are IP-only rules, 8 are inspecting packet payload, 0 inspect application layer, 0 are decoder event only
[1 - Suricata-Main] 2026-07-15 17:12:01 Info: unix-manager: unix socket '/var/run/suricata/suricata-command.socket'
[1 - Suricata-Main] 2026-07-15 17:12:01 Info: runmodes: eth0: creating 12 threads
[20 - W#01-eth0] 2026-07-15 17:12:01 Info: ioctl: eth0: MTU 1500
[1 - Suricata-Main] 2026-07-15 17:12:02 Notice: threads: Threads created -> W: 12 FM: 1 FR: 1   Engine started.
[1 - Suricata-Main] 2026-07-15 17:55:58 Notice: suricata: Signal Received.  Stopping engine.
[1 - Suricata-Main] 2026-07-15 17:55:59 Info: suricata: time elapsed 2638.211s
[1 - Suricata-Main] 2026-07-15 17:55:59 Info: counters: Alerts: 0
[1 - Suricata-Main] 2026-07-15 17:55:59 Notice: device: eth0: packets: 19, drops: 0 (0.00%), invalid chksum: 0
[1 - Suricata-Main] 2026-07-15 17:56:23 Notice: suricata: This is Suricata version 8.0.6 RELEASE running in SYSTEM mode
[1 - Suricata-Main] 2026-07-15 17:56:23 Info: cpu: CPUs/cores online: 12
[1 - Suricata-Main] 2026-07-15 17:56:23 Info: suricata: Setting engine mode to IDS mode by default
[1 - Suricata-Main] 2026-07-15 17:56:23 Info: exception-policy: master exception-policy set to: auto
[1 - Suricata-Main] 2026-07-15 17:56:23 Info: privs: dropped the caps for main thread
[1 - Suricata-Main] 2026-07-15 17:56:23 Info: conf: Running in live mode, activating unix socket
[1 - Suricata-Main] 2026-07-15 17:56:23 Info: logopenfile: fast output device (regular) initialized: fast.log
[1 - Suricata-Main] 2026-07-15 17:56:23 Info: logopenfile: eve-log output device (regular) initialized: eve.json
[1 - Suricata-Main] 2026-07-15 17:56:23 Info: logopenfile: stats output device (regular) initialized: stats.log
[1 - Suricata-Main] 2026-07-15 17:56:23 Info: detect: 1 rule files processed. 9 rules successfully loaded, 0 rules failed, 0 rules skipped
[1 - Suricata-Main] 2026-07-15 17:56:23 Info: threshold-config: Threshold config parsed: 0 rule(s) found
[1 - Suricata-Main] 2026-07-15 17:56:23 Info: detect: 9 signatures processed. 0 are IP-only rules, 8 are inspecting packet payload, 0 inspect application layer, 0 are decoder event only
[1 - Suricata-Main] 2026-07-15 17:56:23 Info: unix-manager: unix socket '/var/run/suricata/suricata-command.socket'
[1 - Suricata-Main] 2026-07-15 17:56:23 Info: runmodes: eth0: creating 12 threads
[21 - W#01-eth0] 2026-07-15 17:56:23 Info: ioctl: eth0: MTU 1500
[1 - Suricata-Main] 2026-07-15 17:56:24 Notice: threads: Threads created -> W: 12 FM: 1 FR: 1   Engine started.
[1 - Suricata-Main] 2026-07-15 17:56:52 Notice: suricata: Signal Received.  Stopping engine.
[1 - Suricata-Main] 2026-07-15 17:56:52 Info: suricata: time elapsed 29.167s
[1 - Suricata-Main] 2026-07-15 17:56:53 Info: counters: Alerts: 0
[1 - Suricata-Main] 2026-07-15 17:56:53 Notice: device: eth0: packets: 21, drops: 0 (0.00%), invalid chksum: 0
[1 - Suricata-Main] 2026-07-15 17:58:08 Notice: suricata: This is Suricata version 8.0.6 RELEASE running in SYSTEM mode
[1 - Suricata-Main] 2026-07-15 17:58:08 Info: cpu: CPUs/cores online: 12
[1 - Suricata-Main] 2026-07-15 17:58:08 Info: suricata: Setting engine mode to IDS mode by default
[1 - Suricata-Main] 2026-07-15 17:58:08 Info: exception-policy: master exception-policy set to: auto
[1 - Suricata-Main] 2026-07-15 17:58:08 Info: privs: dropped the caps for main thread
[1 - Suricata-Main] 2026-07-15 17:58:08 Info: conf: Running in live mode, activating unix socket
[1 - Suricata-Main] 2026-07-15 17:58:08 Info: logopenfile: fast output device (regular) initialized: fast.log
[1 - Suricata-Main] 2026-07-15 17:58:08 Info: logopenfile: eve-log output device (regular) initialized: eve.json
[1 - Suricata-Main] 2026-07-15 17:58:08 Info: logopenfile: stats output device (regular) initialized: stats.log
[1 - Suricata-Main] 2026-07-15 17:58:08 Info: detect: 1 rule files processed. 9 rules successfully loaded, 0 rules failed, 0 rules skipped
[1 - Suricata-Main] 2026-07-15 17:58:08 Info: threshold-config: Threshold config parsed: 0 rule(s) found
[1 - Suricata-Main] 2026-07-15 17:58:08 Info: detect: 9 signatures processed. 0 are IP-only rules, 8 are inspecting packet payload, 0 inspect application layer, 0 are decoder event only
[1 - Suricata-Main] 2026-07-15 17:58:08 Info: unix-manager: unix socket '/var/run/suricata/suricata-command.socket'
[1 - Suricata-Main] 2026-07-15 17:58:08 Info: runmodes: eth0: creating 12 threads
[21 - W#01-eth0] 2026-07-15 17:58:08 Info: ioctl: eth0: MTU 1500
[1 - Suricata-Main] 2026-07-15 17:58:09 Notice: threads: Threads created -> W: 12 FM: 1 FR: 1   Engine started.
[1 - Suricata-Main] 2026-07-15 18:06:24 Notice: suricata: Signal Received.  Stopping engine.
[1 - Suricata-Main] 2026-07-15 18:06:24 Info: suricata: time elapsed 496.194s
[1 - Suricata-Main] 2026-07-15 18:06:25 Info: counters: Alerts: 0
[1 - Suricata-Main] 2026-07-15 18:06:25 Notice: device: eth0: packets: 31, drops: 0 (0.00%), invalid chksum: 0
[1 - Suricata-Main] 2026-07-15 18:06:45 Notice: suricata: This is Suricata version 8.0.6 RELEASE running in SYSTEM mode
[1 - Suricata-Main] 2026-07-15 18:06:45 Info: cpu: CPUs/cores online: 12
[1 - Suricata-Main] 2026-07-15 18:06:45 Info: suricata: Setting engine mode to IDS mode by default
[1 - Suricata-Main] 2026-07-15 18:06:45 Info: exception-policy: master exception-policy set to: auto
[1 - Suricata-Main] 2026-07-15 18:06:45 Info: privs: dropped the caps for main thread
[1 - Suricata-Main] 2026-07-15 18:06:45 Info: conf: Running in live mode, activating unix socket
[1 - Suricata-Main] 2026-07-15 18:06:45 Info: logopenfile: fast output device (regular) initialized: fast.log
[1 - Suricata-Main] 2026-07-15 18:06:45 Info: logopenfile: eve-log output device (regular) initialized: eve.json
[1 - Suricata-Main] 2026-07-15 18:06:45 Info: logopenfile: stats output device (regular) initialized: stats.log
[1 - Suricata-Main] 2026-07-15 18:06:45 Info: detect: 1 rule files processed. 9 rules successfully loaded, 0 rules failed, 0 rules skipped
[1 - Suricata-Main] 2026-07-15 18:06:45 Info: threshold-config: Threshold config parsed: 0 rule(s) found
[1 - Suricata-Main] 2026-07-15 18:06:45 Info: detect: 9 signatures processed. 0 are IP-only rules, 8 are inspecting packet payload, 0 inspect application layer, 0 are decoder event only
[1 - Suricata-Main] 2026-07-15 18:06:45 Info: unix-manager: unix socket '/var/run/suricata/suricata-command.socket'
[1 - Suricata-Main] 2026-07-15 18:06:45 Info: runmodes: eth0: creating 12 threads
[21 - W#01-eth0] 2026-07-15 18:06:45 Info: ioctl: eth0: MTU 1500
[1 - Suricata-Main] 2026-07-15 18:06:46 Notice: threads: Threads created -> W: 12 FM: 1 FR: 1   Engine started.
[1 - Suricata-Main] 2026-07-15 18:22:48 Notice: suricata: Signal Received.  Stopping engine.
[1 - Suricata-Main] 2026-07-15 18:22:49 Info: suricata: time elapsed 964.032s
[1 - Suricata-Main] 2026-07-15 18:22:50 Info: counters: Alerts: 0
[1 - Suricata-Main] 2026-07-15 18:22:50 Notice: device: eth0: packets: 32, drops: 0 (0.00%), invalid chksum: 0
[1 - Suricata-Main] 2026-07-15 18:22:51 Notice: suricata: This is Suricata version 8.0.6 RELEASE running in SYSTEM mode
[1 - Suricata-Main] 2026-07-15 18:22:51 Info: cpu: CPUs/cores online: 12
[1 - Suricata-Main] 2026-07-15 18:22:51 Info: suricata: Setting engine mode to IDS mode by default
[1 - Suricata-Main] 2026-07-15 18:22:51 Info: exception-policy: master exception-policy set to: auto
[1 - Suricata-Main] 2026-07-15 18:22:51 Info: privs: dropped the caps for main thread
[1 - Suricata-Main] 2026-07-15 18:22:51 Info: conf: Running in live mode, activating unix socket
[1 - Suricata-Main] 2026-07-15 18:22:51 Info: logopenfile: fast output device (regular) initialized: fast.log
[1 - Suricata-Main] 2026-07-15 18:22:51 Info: logopenfile: eve-log output device (regular) initialized: eve.json
[1 - Suricata-Main] 2026-07-15 18:22:51 Info: logopenfile: stats output device (regular) initialized: stats.log
[1 - Suricata-Main] 2026-07-15 18:22:51 Info: detect: 1 rule files processed. 9 rules successfully loaded, 0 rules failed, 0 rules skipped
[1 - Suricata-Main] 2026-07-15 18:22:51 Info: threshold-config: Threshold config parsed: 0 rule(s) found
[1 - Suricata-Main] 2026-07-15 18:22:51 Info: detect: 9 signatures processed. 0 are IP-only rules, 8 are inspecting packet payload, 0 inspect application layer, 0 are decoder event only
[1 - Suricata-Main] 2026-07-15 18:22:51 Info: unix-manager: unix socket '/var/run/suricata/suricata-command.socket'
[1 - Suricata-Main] 2026-07-15 18:22:51 Info: runmodes: eth0: creating 12 threads
[21 - W#01-eth0] 2026-07-15 18:22:51 Info: ioctl: eth0: MTU 1500
[1 - Suricata-Main] 2026-07-15 18:22:52 Notice: threads: Threads created -> W: 12 FM: 1 FR: 1   Engine started.
[1 - Suricata-Main] 2026-07-15 18:23:27 Notice: suricata: Signal Received.  Stopping engine.
[1 - Suricata-Main] 2026-07-15 18:23:27 Info: suricata: time elapsed 36.007s
[1 - Suricata-Main] 2026-07-15 18:23:27 Info: counters: Alerts: 0
[1 - Suricata-Main] 2026-07-15 18:23:27 Notice: device: eth0: packets: 3, drops: 0 (0.00%), invalid chksum: 0
[1 - Suricata-Main] 2026-07-15 18:23:28 Notice: suricata: This is Suricata version 8.0.6 RELEASE running in SYSTEM mode
[1 - Suricata-Main] 2026-07-15 18:23:28 Info: cpu: CPUs/cores online: 12
[1 - Suricata-Main] 2026-07-15 18:23:28 Info: suricata: Setting engine mode to IDS mode by default
[1 - Suricata-Main] 2026-07-15 18:23:28 Info: exception-policy: master exception-policy set to: auto
[1 - Suricata-Main] 2026-07-15 18:23:28 Info: privs: dropped the caps for main thread
[1 - Suricata-Main] 2026-07-15 18:23:28 Info: conf: Running in live mode, activating unix socket
[1 - Suricata-Main] 2026-07-15 18:23:28 Info: logopenfile: fast output device (regular) initialized: fast.log
[1 - Suricata-Main] 2026-07-15 18:23:28 Info: logopenfile: eve-log output device (regular) initialized: eve.json
[1 - Suricata-Main] 2026-07-15 18:23:28 Info: logopenfile: stats output device (regular) initialized: stats.log
[1 - Suricata-Main] 2026-07-15 18:23:28 Info: detect: 1 rule files processed. 9 rules successfully loaded, 0 rules failed, 0 rules skipped
[1 - Suricata-Main] 2026-07-15 18:23:28 Info: threshold-config: Threshold config parsed: 0 rule(s) found
[1 - Suricata-Main] 2026-07-15 18:23:28 Info: detect: 9 signatures processed. 0 are IP-only rules, 8 are inspecting packet payload, 0 inspect application layer, 0 are decoder event only
[1 - Suricata-Main] 2026-07-15 18:23:28 Info: unix-manager: unix socket '/var/run/suricata/suricata-command.socket'
[1 - Suricata-Main] 2026-07-15 18:23:29 Info: runmodes: eth0: creating 12 threads
[21 - W#01-eth0] 2026-07-15 18:23:29 Info: ioctl: eth0: MTU 1500
[1 - Suricata-Main] 2026-07-15 18:23:30 Notice: threads: Threads created -> W: 12 FM: 1 FR: 1   Engine started.
[1 - Suricata-Main] 2026-07-15 18:35:26 Notice: suricata: Signal Received.  Stopping engine.
[1 - Suricata-Main] 2026-07-15 18:35:27 Info: suricata: time elapsed 718.436s
[1 - Suricata-Main] 2026-07-15 18:35:27 Info: counters: Alerts: 2
[1 - Suricata-Main] 2026-07-15 18:35:27 Notice: device: eth0: packets: 474, drops: 0 (0.00%), invalid chksum: 0
[1 - Suricata-Main] 2026-07-15 20:22:22 Notice: suricata: This is Suricata version 8.0.6 RELEASE running in SYSTEM mode
[1 - Suricata-Main] 2026-07-15 20:22:22 Info: cpu: CPUs/cores online: 12
[1 - Suricata-Main] 2026-07-15 20:22:22 Info: suricata: Setting engine mode to IDS mode by default
[1 - Suricata-Main] 2026-07-15 20:22:22 Info: exception-policy: master exception-policy set to: auto
[1 - Suricata-Main] 2026-07-15 20:22:23 Info: privs: dropped the caps for main thread
[1 - Suricata-Main] 2026-07-15 20:22:23 Info: conf: Running in live mode, activating unix socket
[1 - Suricata-Main] 2026-07-15 20:22:23 Info: logopenfile: fast output device (regular) initialized: fast.log
[1 - Suricata-Main] 2026-07-15 20:22:23 Info: logopenfile: eve-log output device (regular) initialized: eve.json
[1 - Suricata-Main] 2026-07-15 20:22:23 Info: logopenfile: stats output device (regular) initialized: stats.log
[1 - Suricata-Main] 2026-07-15 20:22:23 Info: detect: 1 rule files processed. 9 rules successfully loaded, 0 rules failed, 0 rules skipped
[1 - Suricata-Main] 2026-07-15 20:22:23 Info: threshold-config: Threshold config parsed: 0 rule(s) found
[1 - Suricata-Main] 2026-07-15 20:22:23 Info: detect: 9 signatures processed. 0 are IP-only rules, 8 are inspecting packet payload, 0 inspect application layer, 0 are decoder event only
[1 - Suricata-Main] 2026-07-15 20:22:23 Info: unix-manager: unix socket '/var/run/suricata/suricata-command.socket'
[1 - Suricata-Main] 2026-07-15 20:22:23 Info: runmodes: eth0: creating 12 threads
[21 - W#01-eth0] 2026-07-15 20:22:23 Info: ioctl: eth0: MTU 1500
[1 - Suricata-Main] 2026-07-15 20:22:24 Notice: threads: Threads created -> W: 12 FM: 1 FR: 1   Engine started.
[1 - Suricata-Main] 2026-07-15 20:29:42 Notice: suricata: Signal Received.  Stopping engine.
[1 - Suricata-Main] 2026-07-15 20:29:42 Info: suricata: time elapsed 439.384s
[1 - Suricata-Main] 2026-07-15 20:29:43 Info: counters: Alerts: 0
[1 - Suricata-Main] 2026-07-15 20:29:43 Notice: device: eth0: packets: 17, drops: 0 (0.00%), invalid chksum: 0
[1 - Suricata-Main] 2026-07-15 20:29:45 Notice: suricata: This is Suricata version 8.0.6 RELEASE running in SYSTEM mode
[1 - Suricata-Main] 2026-07-15 20:29:45 Info: cpu: CPUs/cores online: 12
[1 - Suricata-Main] 2026-07-15 20:29:45 Info: suricata: Setting engine mode to IDS mode by default
[1 - Suricata-Main] 2026-07-15 20:29:45 Info: exception-policy: master exception-policy set to: auto
[1 - Suricata-Main] 2026-07-15 20:29:45 Info: privs: dropped the caps for main thread
[1 - Suricata-Main] 2026-07-15 20:29:45 Info: conf: Running in live mode, activating unix socket
[1 - Suricata-Main] 2026-07-15 20:29:45 Info: logopenfile: fast output device (regular) initialized: fast.log
[1 - Suricata-Main] 2026-07-15 20:29:45 Info: logopenfile: eve-log output device (regular) initialized: eve.json
[1 - Suricata-Main] 2026-07-15 20:29:45 Info: logopenfile: stats output device (regular) initialized: stats.log
[1 - Suricata-Main] 2026-07-15 20:29:45 Info: detect: 1 rule files processed. 9 rules successfully loaded, 0 rules failed, 0 rules skipped
[1 - Suricata-Main] 2026-07-15 20:29:45 Info: threshold-config: Threshold config parsed: 0 rule(s) found
[1 - Suricata-Main] 2026-07-15 20:29:45 Info: detect: 9 signatures processed. 0 are IP-only rules, 8 are inspecting packet payload, 0 inspect application layer, 0 are decoder event only
[1 - Suricata-Main] 2026-07-15 20:29:45 Info: unix-manager: unix socket '/var/run/suricata/suricata-command.socket'
[1 - Suricata-Main] 2026-07-15 20:29:45 Info: runmodes: eth0: creating 12 threads
[22 - W#01-eth0] 2026-07-15 20:29:45 Info: ioctl: eth0: MTU 1500
[1 - Suricata-Main] 2026-07-15 20:29:46 Notice: threads: Threads created -> W: 12 FM: 1 FR: 1   Engine started.
[1 - Suricata-Main] 2026-07-15 20:30:19 Notice: suricata: Signal Received.  Stopping engine.
[1 - Suricata-Main] 2026-07-15 20:30:19 Info: suricata: time elapsed 34.025s
[1 - Suricata-Main] 2026-07-15 20:30:20 Info: counters: Alerts: 0
[1 - Suricata-Main] 2026-07-15 20:30:20 Notice: device: eth0: packets: 22, drops: 0 (0.00%), invalid chksum: 0
[1 - Suricata-Main] 2026-07-15 20:31:39 Notice: suricata: This is Suricata version 8.0.6 RELEASE running in SYSTEM mode
[1 - Suricata-Main] 2026-07-15 20:31:39 Info: cpu: CPUs/cores online: 12
[1 - Suricata-Main] 2026-07-15 20:31:39 Info: suricata: Setting engine mode to IDS mode by default
[1 - Suricata-Main] 2026-07-15 20:31:39 Info: exception-policy: master exception-policy set to: auto
[1 - Suricata-Main] 2026-07-15 20:31:39 Info: privs: dropped the caps for main thread
[1 - Suricata-Main] 2026-07-15 20:31:39 Info: conf: Running in live mode, activating unix socket
[1 - Suricata-Main] 2026-07-15 20:31:39 Info: logopenfile: fast output device (regular) initialized: fast.log
[1 - Suricata-Main] 2026-07-15 20:31:39 Info: logopenfile: eve-log output device (regular) initialized: eve.json
[1 - Suricata-Main] 2026-07-15 20:31:39 Info: logopenfile: stats output device (regular) initialized: stats.log
[1 - Suricata-Main] 2026-07-15 20:31:39 Info: detect: 1 rule files processed. 9 rules successfully loaded, 0 rules failed, 0 rules skipped
[1 - Suricata-Main] 2026-07-15 20:31:39 Info: threshold-config: Threshold config parsed: 0 rule(s) found
[1 - Suricata-Main] 2026-07-15 20:31:39 Info: detect: 9 signatures processed. 0 are IP-only rules, 8 are inspecting packet payload, 0 inspect application layer, 0 are decoder event only
[1 - Suricata-Main] 2026-07-15 20:31:39 Info: unix-manager: unix socket '/var/run/suricata/suricata-command.socket'
[1 - Suricata-Main] 2026-07-15 20:31:39 Info: runmodes: eth0: creating 12 threads
[21 - W#01-eth0] 2026-07-15 20:31:39 Info: ioctl: eth0: MTU 1500
[1 - Suricata-Main] 2026-07-15 20:31:40 Notice: threads: Threads created -> W: 12 FM: 1 FR: 1   Engine started.
[1 - Suricata-Main] 2026-07-15 21:18:03 Notice: suricata: Signal Received.  Stopping engine.
[1 - Suricata-Main] 2026-07-15 21:18:03 Info: suricata: time elapsed 2784.312s
[1 - Suricata-Main] 2026-07-15 21:18:04 Info: counters: Alerts: 9998
[1 - Suricata-Main] 2026-07-15 21:18:04 Notice: device: eth0: packets: 20041, drops: 17 (0.08%), invalid chksum: 0
[1 - Suricata-Main] 2026-07-21 17:43:11 Notice: suricata: This is Suricata version 8.0.6 RELEASE running in SYSTEM mode
[1 - Suricata-Main] 2026-07-21 17:43:11 Info: cpu: CPUs/cores online: 12
[1 - Suricata-Main] 2026-07-21 17:43:11 Info: suricata: Setting engine mode to IDS mode by default
[1 - Suricata-Main] 2026-07-21 17:43:11 Info: exception-policy: master exception-policy set to: auto
[1 - Suricata-Main] 2026-07-21 17:43:12 Info: privs: dropped the caps for main thread
[1 - Suricata-Main] 2026-07-21 17:43:12 Info: conf: Running in live mode, activating unix socket
[1 - Suricata-Main] 2026-07-21 17:43:12 Info: logopenfile: fast output device (regular) initialized: fast.log
[1 - Suricata-Main] 2026-07-21 17:43:12 Info: logopenfile: eve-log output device (regular) initialized: eve.json
[1 - Suricata-Main] 2026-07-21 17:43:12 Info: logopenfile: stats output device (regular) initialized: stats.log
[1 - Suricata-Main] 2026-07-21 17:43:12 Info: detect: 1 rule files processed. 9 rules successfully loaded, 0 rules failed, 0 rules skipped
[1 - Suricata-Main] 2026-07-21 17:43:12 Info: threshold-config: Threshold config parsed: 0 rule(s) found
[1 - Suricata-Main] 2026-07-21 17:43:12 Info: detect: 9 signatures processed. 0 are IP-only rules, 8 are inspecting packet payload, 0 inspect application layer, 0 are decoder event only
[1 - Suricata-Main] 2026-07-21 17:43:12 Info: unix-manager: unix socket '/var/run/suricata/suricata-command.socket'
[1 - Suricata-Main] 2026-07-21 17:43:12 Info: runmodes: eth0: creating 12 threads
[21 - W#01-eth0] 2026-07-21 17:43:12 Info: ioctl: eth0: MTU 1500
[1 - Suricata-Main] 2026-07-21 17:43:13 Notice: threads: Threads created -> W: 12 FM: 1 FR: 1   Engine started.
[1 - Suricata-Main] 2026-07-21 17:46:13 Notice: suricata: Signal Received.  Stopping engine.
[1 - Suricata-Main] 2026-07-21 17:46:13 Info: suricata: time elapsed 180.690s
[1 - Suricata-Main] 2026-07-21 17:46:13 Info: counters: Alerts: 0
[1 - Suricata-Main] 2026-07-21 17:46:13 Notice: device: eth0: packets: 21, drops: 0 (0.00%), invalid chksum: 0
[1 - Suricata-Main] 2026-07-21 17:49:35 Notice: suricata: This is Suricata version 8.0.6 RELEASE running in SYSTEM mode
[1 - Suricata-Main] 2026-07-21 17:49:35 Info: cpu: CPUs/cores online: 12
[1 - Suricata-Main] 2026-07-21 17:49:35 Info: suricata: Setting engine mode to IDS mode by default
[1 - Suricata-Main] 2026-07-21 17:49:35 Info: exception-policy: master exception-policy set to: auto
[1 - Suricata-Main] 2026-07-21 17:49:36 Info: privs: dropped the caps for main thread
[1 - Suricata-Main] 2026-07-21 17:49:36 Info: conf: Running in live mode, activating unix socket
[1 - Suricata-Main] 2026-07-21 17:49:36 Info: logopenfile: fast output device (regular) initialized: fast.log
[1 - Suricata-Main] 2026-07-21 17:49:36 Info: logopenfile: eve-log output device (regular) initialized: eve.json
[1 - Suricata-Main] 2026-07-21 17:49:36 Info: logopenfile: stats output device (regular) initialized: stats.log
[1 - Suricata-Main] 2026-07-21 17:49:36 Info: detect: 1 rule files processed. 9 rules successfully loaded, 0 rules failed, 0 rules skipped
[1 - Suricata-Main] 2026-07-21 17:49:36 Info: threshold-config: Threshold config parsed: 0 rule(s) found
[1 - Suricata-Main] 2026-07-21 17:49:36 Info: detect: 9 signatures processed. 0 are IP-only rules, 8 are inspecting packet payload, 0 inspect application layer, 0 are decoder event only
[1 - Suricata-Main] 2026-07-21 17:49:36 Info: unix-manager: unix socket '/var/run/suricata/suricata-command.socket'
[1 - Suricata-Main] 2026-07-21 17:49:36 Info: runmodes: eth0: creating 12 threads
[21 - W#01-eth0] 2026-07-21 17:49:37 Info: ioctl: eth0: MTU 1500
[1 - Suricata-Main] 2026-07-21 17:49:38 Notice: threads: Threads created -> W: 12 FM: 1 FR: 1   Engine started.
[1 - Suricata-Main] 2026-07-21 17:52:30 Notice: suricata: Signal Received.  Stopping engine.
[1 - Suricata-Main] 2026-07-21 17:52:30 Info: suricata: time elapsed 174.056s
[1 - Suricata-Main] 2026-07-21 17:52:31 Info: counters: Alerts: 0
[1 - Suricata-Main] 2026-07-21 17:52:31 Notice: device: eth0: packets: 22, drops: 0 (0.00%), invalid chksum: 0
[1 - Suricata-Main] 2026-07-21 17:52:57 Notice: suricata: This is Suricata version 8.0.6 RELEASE running in SYSTEM mode
[1 - Suricata-Main] 2026-07-21 17:52:57 Info: cpu: CPUs/cores online: 12
[1 - Suricata-Main] 2026-07-21 17:52:57 Info: suricata: Setting engine mode to IDS mode by default
[1 - Suricata-Main] 2026-07-21 17:52:57 Info: exception-policy: master exception-policy set to: auto
[1 - Suricata-Main] 2026-07-21 17:52:57 Info: privs: dropped the caps for main thread
[1 - Suricata-Main] 2026-07-21 17:52:57 Info: conf: Running in live mode, activating unix socket
[1 - Suricata-Main] 2026-07-21 17:52:57 Info: logopenfile: fast output device (regular) initialized: fast.log
[1 - Suricata-Main] 2026-07-21 17:52:57 Info: logopenfile: eve-log output device (regular) initialized: eve.json
[1 - Suricata-Main] 2026-07-21 17:52:57 Info: logopenfile: stats output device (regular) initialized: stats.log
[1 - Suricata-Main] 2026-07-21 17:52:57 Info: detect: 1 rule files processed. 9 rules successfully loaded, 0 rules failed, 0 rules skipped
[1 - Suricata-Main] 2026-07-21 17:52:57 Info: threshold-config: Threshold config parsed: 0 rule(s) found
[1 - Suricata-Main] 2026-07-21 17:52:57 Info: detect: 9 signatures processed. 0 are IP-only rules, 8 are inspecting packet payload, 0 inspect application layer, 0 are decoder event only
[1 - Suricata-Main] 2026-07-21 17:52:58 Info: unix-manager: unix socket '/var/run/suricata/suricata-command.socket'
[1 - Suricata-Main] 2026-07-21 17:52:58 Info: runmodes: eth0: creating 12 threads
[21 - W#01-eth0] 2026-07-21 17:52:58 Info: ioctl: eth0: MTU 1500
[1 - Suricata-Main] 2026-07-21 17:52:59 Notice: threads: Threads created -> W: 12 FM: 1 FR: 1   Engine started.
[1 - Suricata-Main] 2026-07-21 17:57:05 Notice: suricata: Signal Received.  Stopping engine.
[1 - Suricata-Main] 2026-07-21 17:57:06 Info: suricata: time elapsed 248.498s
[1 - Suricata-Main] 2026-07-21 17:57:07 Info: counters: Alerts: 0
[1 - Suricata-Main] 2026-07-21 17:57:07 Notice: device: eth0: packets: 22, drops: 0 (0.00%), invalid chksum: 0
[1 - Suricata-Main] 2026-07-21 17:57:25 Notice: suricata: This is Suricata version 8.0.6 RELEASE running in SYSTEM mode
[1 - Suricata-Main] 2026-07-21 17:57:25 Info: cpu: CPUs/cores online: 12
[1 - Suricata-Main] 2026-07-21 17:57:25 Info: suricata: Setting engine mode to IDS mode by default
[1 - Suricata-Main] 2026-07-21 17:57:25 Info: exception-policy: master exception-policy set to: auto
[1 - Suricata-Main] 2026-07-21 17:57:26 Info: privs: dropped the caps for main thread
[1 - Suricata-Main] 2026-07-21 17:57:26 Info: conf: Running in live mode, activating unix socket
[1 - Suricata-Main] 2026-07-21 17:57:26 Info: logopenfile: fast output device (regular) initialized: fast.log
[1 - Suricata-Main] 2026-07-21 17:57:26 Info: logopenfile: eve-log output device (regular) initialized: eve.json
[1 - Suricata-Main] 2026-07-21 17:57:26 Info: logopenfile: stats output device (regular) initialized: stats.log
[1 - Suricata-Main] 2026-07-21 17:57:26 Info: detect: 1 rule files processed. 9 rules successfully loaded, 0 rules failed, 0 rules skipped
[1 - Suricata-Main] 2026-07-21 17:57:26 Info: threshold-config: Threshold config parsed: 0 rule(s) found
[1 - Suricata-Main] 2026-07-21 17:57:26 Info: detect: 9 signatures processed. 0 are IP-only rules, 8 are inspecting packet payload, 0 inspect application layer, 0 are decoder event only
[1 - Suricata-Main] 2026-07-21 17:57:26 Info: unix-manager: unix socket '/var/run/suricata/suricata-command.socket'
[1 - Suricata-Main] 2026-07-21 17:57:26 Info: runmodes: eth0: creating 12 threads
[21 - W#01-eth0] 2026-07-21 17:57:27 Info: ioctl: eth0: MTU 1500
[1 - Suricata-Main] 2026-07-21 17:57:28 Notice: threads: Threads created -> W: 12 FM: 1 FR: 1   Engine started.
[1 - Suricata-Main] 2026-07-21 18:32:57 Notice: suricata: Signal Received.  Stopping engine.
[1 - Suricata-Main] 2026-07-21 18:32:57 Info: suricata: time elapsed 2131.360s
[1 - Suricata-Main] 2026-07-21 18:32:58 Info: counters: Alerts: 0
[1 - Suricata-Main] 2026-07-21 18:32:58 Notice: device: eth0: packets: 23, drops: 0 (0.00%), invalid chksum: 0
[1 - Suricata-Main] 2026-07-21 18:34:08 Notice: suricata: This is Suricata version 8.0.6 RELEASE running in SYSTEM mode
[1 - Suricata-Main] 2026-07-21 18:34:08 Info: cpu: CPUs/cores online: 12
[1 - Suricata-Main] 2026-07-21 18:34:08 Info: suricata: Setting engine mode to IDS mode by default
[1 - Suricata-Main] 2026-07-21 18:34:08 Info: exception-policy: master exception-policy set to: auto
[1 - Suricata-Main] 2026-07-21 18:34:09 Info: privs: dropped the caps for main thread
[1 - Suricata-Main] 2026-07-21 18:34:09 Info: conf: Running in live mode, activating unix socket
[1 - Suricata-Main] 2026-07-21 18:34:09 Info: logopenfile: fast output device (regular) initialized: fast.log
[1 - Suricata-Main] 2026-07-21 18:34:09 Info: logopenfile: eve-log output device (regular) initialized: eve.json
[1 - Suricata-Main] 2026-07-21 18:34:09 Info: logopenfile: stats output device (regular) initialized: stats.log
[1 - Suricata-Main] 2026-07-21 18:34:09 Info: detect: 1 rule files processed. 9 rules successfully loaded, 0 rules failed, 0 rules skipped
[1 - Suricata-Main] 2026-07-21 18:34:09 Info: threshold-config: Threshold config parsed: 0 rule(s) found
[1 - Suricata-Main] 2026-07-21 18:34:09 Info: detect: 9 signatures processed. 0 are IP-only rules, 8 are inspecting packet payload, 0 inspect application layer, 0 are decoder event only
[1 - Suricata-Main] 2026-07-21 18:34:09 Info: unix-manager: unix socket '/var/run/suricata/suricata-command.socket'
[1 - Suricata-Main] 2026-07-21 18:34:09 Info: runmodes: eth0: creating 12 threads
[21 - W#01-eth0] 2026-07-21 18:34:09 Info: ioctl: eth0: MTU 1500
[1 - Suricata-Main] 2026-07-21 18:34:10 Notice: threads: Threads created -> W: 12 FM: 1 FR: 1   Engine started.
[1 - Suricata-Main] 2026-07-21 18:44:21 Notice: suricata: Signal Received.  Stopping engine.
[1 - Suricata-Main] 2026-07-21 18:44:22 Info: suricata: time elapsed 612.754s
[1 - Suricata-Main] 2026-07-21 18:44:22 Info: counters: Alerts: 0
[1 - Suricata-Main] 2026-07-21 18:44:22 Notice: device: eth0: packets: 28, drops: 0 (0.00%), invalid chksum: 0
[1 - Suricata-Main] 2026-07-21 18:44:43 Notice: suricata: This is Suricata version 8.0.6 RELEASE running in SYSTEM mode
[1 - Suricata-Main] 2026-07-21 18:44:43 Info: cpu: CPUs/cores online: 12
[1 - Suricata-Main] 2026-07-21 18:44:43 Info: suricata: Setting engine mode to IDS mode by default
[1 - Suricata-Main] 2026-07-21 18:44:43 Info: exception-policy: master exception-policy set to: auto
[1 - Suricata-Main] 2026-07-21 18:44:43 Info: privs: dropped the caps for main thread
[1 - Suricata-Main] 2026-07-21 18:44:43 Info: conf: Running in live mode, activating unix socket
[1 - Suricata-Main] 2026-07-21 18:44:43 Info: logopenfile: fast output device (regular) initialized: fast.log
[1 - Suricata-Main] 2026-07-21 18:44:43 Info: logopenfile: eve-log output device (regular) initialized: eve.json
[1 - Suricata-Main] 2026-07-21 18:44:43 Info: logopenfile: stats output device (regular) initialized: stats.log
[1 - Suricata-Main] 2026-07-21 18:44:43 Info: detect: 1 rule files processed. 9 rules successfully loaded, 0 rules failed, 0 rules skipped
[1 - Suricata-Main] 2026-07-21 18:44:43 Info: threshold-config: Threshold config parsed: 0 rule(s) found
[1 - Suricata-Main] 2026-07-21 18:44:43 Info: detect: 9 signatures processed. 0 are IP-only rules, 8 are inspecting packet payload, 0 inspect application layer, 0 are decoder event only
[1 - Suricata-Main] 2026-07-21 18:44:43 Info: unix-manager: unix socket '/var/run/suricata/suricata-command.socket'
[1 - Suricata-Main] 2026-07-21 18:44:43 Info: runmodes: eth0: creating 12 threads
[21 - W#01-eth0] 2026-07-21 18:44:44 Info: ioctl: eth0: MTU 1500
[1 - Suricata-Main] 2026-07-21 18:44:44 Notice: threads: Threads created -> W: 12 FM: 1 FR: 1   Engine started.
[1 - Suricata-Main] 2026-07-21 19:02:30 Notice: suricata: Signal Received.  Stopping engine.
[1 - Suricata-Main] 2026-07-21 19:02:31 Info: suricata: time elapsed 1067.170s
[1 - Suricata-Main] 2026-07-21 19:02:32 Info: counters: Alerts: 0
[1 - Suricata-Main] 2026-07-21 19:02:32 Notice: device: eth0: packets: 31, drops: 0 (0.00%), invalid chksum: 0
[1 - Suricata-Main] 2026-07-21 19:02:51 Notice: suricata: This is Suricata version 8.0.6 RELEASE running in SYSTEM mode
[1 - Suricata-Main] 2026-07-21 19:02:51 Info: cpu: CPUs/cores online: 12
[1 - Suricata-Main] 2026-07-21 19:02:51 Info: suricata: Setting engine mode to IDS mode by default
[1 - Suricata-Main] 2026-07-21 19:02:51 Info: exception-policy: master exception-policy set to: auto
[1 - Suricata-Main] 2026-07-21 19:02:51 Info: privs: dropped the caps for main thread
[1 - Suricata-Main] 2026-07-21 19:02:51 Info: conf: Running in live mode, activating unix socket
[1 - Suricata-Main] 2026-07-21 19:02:51 Info: logopenfile: fast output device (regular) initialized: fast.log
[1 - Suricata-Main] 2026-07-21 19:02:51 Info: logopenfile: eve-log output device (regular) initialized: eve.json
[1 - Suricata-Main] 2026-07-21 19:02:51 Info: logopenfile: stats output device (regular) initialized: stats.log
[1 - Suricata-Main] 2026-07-21 19:02:52 Info: detect: 1 rule files processed. 9 rules successfully loaded, 0 rules failed, 0 rules skipped
[1 - Suricata-Main] 2026-07-21 19:02:52 Info: threshold-config: Threshold config parsed: 0 rule(s) found
[1 - Suricata-Main] 2026-07-21 19:02:52 Info: detect: 9 signatures processed. 0 are IP-only rules, 8 are inspecting packet payload, 0 inspect application layer, 0 are decoder event only
[1 - Suricata-Main] 2026-07-21 19:02:52 Info: unix-manager: unix socket '/var/run/suricata/suricata-command.socket'
[1 - Suricata-Main] 2026-07-21 19:02:52 Info: runmodes: eth0: creating 12 threads
[21 - W#01-eth0] 2026-07-21 19:02:52 Info: ioctl: eth0: MTU 1500
[1 - Suricata-Main] 2026-07-21 19:02:53 Notice: threads: Threads created -> W: 12 FM: 1 FR: 1   Engine started.
[1 - Suricata-Main] 2026-07-21 20:39:56 Notice: suricata: Signal Received.  Stopping engine.
[1 - Suricata-Main] 2026-07-21 20:39:57 Info: suricata: time elapsed 5825.078s
[1 - Suricata-Main] 2026-07-21 20:39:58 Info: counters: Alerts: 269126
[1 - Suricata-Main] 2026-07-21 20:39:59 Notice: device: eth0: packets: 538882, drops: 1219 (0.23%), invalid chksum: 0
[1 - Suricata-Main] 2026-07-21 20:40:20 Notice: suricata: This is Suricata version 8.0.6 RELEASE running in SYSTEM mode
[1 - Suricata-Main] 2026-07-21 20:40:20 Info: cpu: CPUs/cores online: 12
[1 - Suricata-Main] 2026-07-21 20:40:20 Info: suricata: Setting engine mode to IDS mode by default
[1 - Suricata-Main] 2026-07-21 20:40:20 Info: exception-policy: master exception-policy set to: auto
[1 - Suricata-Main] 2026-07-21 20:40:21 Info: privs: dropped the caps for main thread
[1 - Suricata-Main] 2026-07-21 20:40:21 Info: conf: Running in live mode, activating unix socket
[1 - Suricata-Main] 2026-07-21 20:40:21 Info: logopenfile: fast output device (regular) initialized: fast.log
[1 - Suricata-Main] 2026-07-21 20:40:21 Info: logopenfile: eve-log output device (regular) initialized: eve.json
[1 - Suricata-Main] 2026-07-21 20:40:21 Info: logopenfile: stats output device (regular) initialized: stats.log
[1 - Suricata-Main] 2026-07-21 20:40:21 Info: detect: 1 rule files processed. 9 rules successfully loaded, 0 rules failed, 0 rules skipped
[1 - Suricata-Main] 2026-07-21 20:40:21 Info: threshold-config: Threshold config parsed: 0 rule(s) found
[1 - Suricata-Main] 2026-07-21 20:40:21 Info: detect: 9 signatures processed. 0 are IP-only rules, 8 are inspecting packet payload, 0 inspect application layer, 0 are decoder event only
[1 - Suricata-Main] 2026-07-21 20:40:21 Info: unix-manager: unix socket '/var/run/suricata/suricata-command.socket'
[1 - Suricata-Main] 2026-07-21 20:40:21 Info: runmodes: eth0: creating 12 threads
[21 - W#01-eth0] 2026-07-21 20:40:22 Info: ioctl: eth0: MTU 1500
[1 - Suricata-Main] 2026-07-21 20:40:23 Notice: threads: Threads created -> W: 12 FM: 1 FR: 1   Engine started.
[1 - Suricata-Main] 2026-07-21 20:52:09 Notice: suricata: Signal Received.  Stopping engine.
[1 - Suricata-Main] 2026-07-21 20:52:10 Info: suricata: time elapsed 708.830s
[1 - Suricata-Main] 2026-07-21 20:52:11 Info: counters: Alerts: 0
[1 - Suricata-Main] 2026-07-21 20:52:11 Notice: device: eth0: packets: 26, drops: 0 (0.00%), invalid chksum: 0
[1 - Suricata-Main] 2026-07-21 20:52:51 Notice: suricata: This is Suricata version 8.0.6 RELEASE running in SYSTEM mode
[1 - Suricata-Main] 2026-07-21 20:52:51 Info: cpu: CPUs/cores online: 12
[1 - Suricata-Main] 2026-07-21 20:52:51 Info: suricata: Setting engine mode to IDS mode by default
[1 - Suricata-Main] 2026-07-21 20:52:51 Info: exception-policy: master exception-policy set to: auto
[1 - Suricata-Main] 2026-07-21 20:52:52 Info: privs: dropped the caps for main thread
[1 - Suricata-Main] 2026-07-21 20:52:52 Info: conf: Running in live mode, activating unix socket
[1 - Suricata-Main] 2026-07-21 20:52:52 Info: logopenfile: fast output device (regular) initialized: fast.log
[1 - Suricata-Main] 2026-07-21 20:52:52 Info: logopenfile: eve-log output device (regular) initialized: eve.json
[1 - Suricata-Main] 2026-07-21 20:52:52 Info: logopenfile: stats output device (regular) initialized: stats.log
[1 - Suricata-Main] 2026-07-21 20:52:52 Info: detect: 1 rule files processed. 9 rules successfully loaded, 0 rules failed, 0 rules skipped
[1 - Suricata-Main] 2026-07-21 20:52:52 Info: threshold-config: Threshold config parsed: 0 rule(s) found
[1 - Suricata-Main] 2026-07-21 20:52:52 Info: detect: 9 signatures processed. 0 are IP-only rules, 8 are inspecting packet payload, 0 inspect application layer, 0 are decoder event only
[1 - Suricata-Main] 2026-07-21 20:52:52 Info: unix-manager: unix socket '/var/run/suricata/suricata-command.socket'
[1 - Suricata-Main] 2026-07-21 20:52:52 Info: runmodes: eth0: creating 12 threads
[21 - W#01-eth0] 2026-07-21 20:52:53 Info: ioctl: eth0: MTU 1500
[1 - Suricata-Main] 2026-07-21 20:52:54 Notice: threads: Threads created -> W: 12 FM: 1 FR: 1   Engine started.
[1 - Suricata-Main] 2026-07-21 22:16:02 Notice: suricata: Signal Received.  Stopping engine.
[1 - Suricata-Main] 2026-07-21 22:16:03 Info: suricata: time elapsed 4990.482s
[1 - Suricata-Main] 2026-07-21 22:16:04 Info: counters: Alerts: 8
[1 - Suricata-Main] 2026-07-21 22:16:04 Notice: device: eth0: packets: 300, drops: 1 (0.33%), invalid chksum: 0
[1 - Suricata-Main] 2026-09-18 16:37:56 Notice: suricata: This is Suricata version 8.0.7 RELEASE running in SYSTEM mode
[1 - Suricata-Main] 2026-09-18 16:37:56 Info: cpu: CPUs/cores online: 2
[1 - Suricata-Main] 2026-09-18 16:37:56 Info: suricata: Setting engine mode to IDS mode by default
[1 - Suricata-Main] 2026-09-18 16:37:56 Info: exception-policy: master exception-policy set to: auto
[1 - Suricata-Main] 2026-09-18 16:37:57 Info: privs: dropped the caps for main thread
[1 - Suricata-Main] 2026-09-18 16:37:57 Info: conf: Running in live mode, activating unix socket
[1 - Suricata-Main] 2026-09-18 16:37:57 Info: logopenfile: fast output device (regular) initialized: fast.log
[1 - Suricata-Main] 2026-09-18 16:37:57 Info: logopenfile: eve-log output device (regular) initialized: eve.json
[1 - Suricata-Main] 2026-09-18 16:37:57 Info: logopenfile: stats output device (regular) initialized: stats.log
[1 - Suricata-Main] 2026-09-18 16:37:57 Info: detect: 1 rule files processed. 9 rules successfully loaded, 0 rules failed, 0 rules skipped
[1 - Suricata-Main] 2026-09-18 16:37:57 Info: threshold-config: Threshold config parsed: 0 rule(s) found
[1 - Suricata-Main] 2026-09-18 16:37:57 Info: detect: 9 signatures processed. 0 are IP-only rules, 8 are inspecting packet payload, 0 inspect application layer, 0 are decoder event only
[1 - Suricata-Main] 2026-09-18 16:37:57 Info: unix-manager: unix socket '/var/run/suricata/suricata-command.socket'
[1 - Suricata-Main] 2026-09-18 16:37:57 Info: runmodes: eth0: creating 2 threads
[21 - W#01-eth0] 2026-09-18 16:37:57 Info: ioctl: eth0: MTU 1500
[1 - Suricata-Main] 2026-09-18 16:37:57 Notice: threads: Threads created -> W: 2 FM: 1 FR: 1   Engine started.
[1 - Suricata-Main] 2026-09-18 16:38:59 Notice: suricata: Signal Received.  Stopping engine.
[1 - Suricata-Main] 2026-09-18 16:39:00 Info: suricata: time elapsed 62.992s
[1 - Suricata-Main] 2026-09-18 16:39:01 Info: counters: Alerts: 0
[20 - US] 2026-09-18 16:39:01 Info: unix-manager: unix socket '/var/run/suricata/suricata-command.socket' closed
[1 - Suricata-Main] 2026-09-18 16:39:01 Notice: device: eth0: packets: 25, drops: 0 (0.00%), invalid chksum: 0
[1 - Suricata-Main] 2026-09-18 16:42:49 Notice: suricata: This is Suricata version 8.0.7 RELEASE running in SYSTEM mode
[1 - Suricata-Main] 2026-09-18 16:42:49 Info: cpu: CPUs/cores online: 2
[1 - Suricata-Main] 2026-09-18 16:42:49 Info: suricata: Setting engine mode to IDS mode by default
[1 - Suricata-Main] 2026-09-18 16:42:49 Info: exception-policy: master exception-policy set to: auto
[1 - Suricata-Main] 2026-09-18 16:42:49 Info: privs: dropped the caps for main thread
[1 - Suricata-Main] 2026-09-18 16:42:49 Info: conf: Running in live mode, activating unix socket
[1 - Suricata-Main] 2026-09-18 16:42:49 Info: logopenfile: fast output device (regular) initialized: fast.log
[1 - Suricata-Main] 2026-09-18 16:42:49 Info: logopenfile: eve-log output device (regular) initialized: eve.json
[1 - Suricata-Main] 2026-09-18 16:42:49 Info: logopenfile: stats output device (regular) initialized: stats.log
[1 - Suricata-Main] 2026-09-18 16:42:49 Info: detect: 1 rule files processed. 9 rules successfully loaded, 0 rules failed, 0 rules skipped
[1 - Suricata-Main] 2026-09-18 16:42:49 Info: threshold-config: Threshold config parsed: 0 rule(s) found
[1 - Suricata-Main] 2026-09-18 16:42:49 Info: detect: 9 signatures processed. 0 are IP-only rules, 8 are inspecting packet payload, 0 inspect application layer, 0 are decoder event only
[1 - Suricata-Main] 2026-09-18 16:42:49 Info: unix-manager: unix socket '/var/run/suricata/suricata-command.socket'
[1 - Suricata-Main] 2026-09-18 16:42:49 Info: runmodes: eth0: creating 2 threads
[21 - W#01-eth0] 2026-09-18 16:42:49 Info: ioctl: eth0: MTU 1500
[1 - Suricata-Main] 2026-09-18 16:42:49 Notice: threads: Threads created -> W: 2 FM: 1 FR: 1   Engine started.
[1 - Suricata-Main] 2026-09-18 16:44:54 Notice: suricata: Signal Received.  Stopping engine.
[1 - Suricata-Main] 2026-09-18 16:44:54 Info: suricata: time elapsed 125.427s
[1 - Suricata-Main] 2026-09-18 16:44:54 Info: counters: Alerts: 0
[20 - US] 2026-09-18 16:44:54 Info: unix-manager: unix socket '/var/run/suricata/suricata-command.socket' closed
[1 - Suricata-Main] 2026-09-18 16:44:54 Notice: device: eth0: packets: 25, drops: 0 (0.00%), invalid chksum: 0
[1 - Suricata-Main] 2026-09-18 16:45:35 Notice: suricata: This is Suricata version 8.0.7 RELEASE running in SYSTEM mode
[1 - Suricata-Main] 2026-09-18 16:45:35 Info: cpu: CPUs/cores online: 2
[1 - Suricata-Main] 2026-09-18 16:45:35 Info: suricata: Setting engine mode to IDS mode by default
[1 - Suricata-Main] 2026-09-18 16:45:35 Info: exception-policy: master exception-policy set to: auto
[1 - Suricata-Main] 2026-09-18 16:45:36 Info: privs: dropped the caps for main thread
[1 - Suricata-Main] 2026-09-18 16:45:36 Info: conf: Running in live mode, activating unix socket
[1 - Suricata-Main] 2026-09-18 16:45:36 Info: logopenfile: fast output device (regular) initialized: fast.log
[1 - Suricata-Main] 2026-09-18 16:45:36 Info: logopenfile: eve-log output device (regular) initialized: eve.json
[1 - Suricata-Main] 2026-09-18 16:45:36 Info: logopenfile: stats output device (regular) initialized: stats.log
[1 - Suricata-Main] 2026-09-18 16:45:36 Info: detect: 1 rule files processed. 9 rules successfully loaded, 0 rules failed, 0 rules skipped
[1 - Suricata-Main] 2026-09-18 16:45:36 Info: threshold-config: Threshold config parsed: 0 rule(s) found
[1 - Suricata-Main] 2026-09-18 16:45:36 Info: detect: 9 signatures processed. 0 are IP-only rules, 8 are inspecting packet payload, 0 inspect application layer, 0 are decoder event only
[1 - Suricata-Main] 2026-09-18 16:45:36 Info: unix-manager: unix socket '/var/run/suricata/suricata-command.socket'
[1 - Suricata-Main] 2026-09-18 16:45:36 Info: runmodes: eth0: creating 2 threads
[21 - W#01-eth0] 2026-09-18 16:45:36 Info: ioctl: eth0: MTU 1500
[1 - Suricata-Main] 2026-09-18 16:45:36 Notice: threads: Threads created -> W: 2 FM: 1 FR: 1   Engine started.
[1 - Suricata-Main] 2026-09-18 16:46:29 Notice: suricata: Signal Received.  Stopping engine.
[1 - Suricata-Main] 2026-09-18 16:46:30 Info: suricata: time elapsed 53.929s
[1 - Suricata-Main] 2026-09-18 16:46:31 Info: counters: Alerts: 0
[20 - US] 2026-09-18 16:46:31 Info: unix-manager: unix socket '/var/run/suricata/suricata-command.socket' closed
[1 - Suricata-Main] 2026-09-18 16:46:31 Notice: device: eth0: packets: 23, drops: 0 (0.00%), invalid chksum: 0
[1 - Suricata-Main] 2026-09-18 16:47:01 Notice: suricata: This is Suricata version 8.0.7 RELEASE running in SYSTEM mode
[1 - Suricata-Main] 2026-09-18 16:47:01 Info: cpu: CPUs/cores online: 2
[1 - Suricata-Main] 2026-09-18 16:47:01 Info: suricata: Setting engine mode to IDS mode by default
[1 - Suricata-Main] 2026-09-18 16:47:01 Info: exception-policy: master exception-policy set to: auto
[1 - Suricata-Main] 2026-09-18 16:47:01 Info: privs: dropped the caps for main thread
[1 - Suricata-Main] 2026-09-18 16:47:01 Info: conf: Running in live mode, activating unix socket
[1 - Suricata-Main] 2026-09-18 16:47:01 Info: logopenfile: fast output device (regular) initialized: fast.log
[1 - Suricata-Main] 2026-09-18 16:47:01 Info: logopenfile: eve-log output device (regular) initialized: eve.json
[1 - Suricata-Main] 2026-09-18 16:47:01 Info: logopenfile: stats output device (regular) initialized: stats.log
[1 - Suricata-Main] 2026-09-18 16:47:01 Info: detect: 1 rule files processed. 9 rules successfully loaded, 0 rules failed, 0 rules skipped
[1 - Suricata-Main] 2026-09-18 16:47:01 Info: threshold-config: Threshold config parsed: 0 rule(s) found
[1 - Suricata-Main] 2026-09-18 16:47:01 Info: detect: 9 signatures processed. 0 are IP-only rules, 8 are inspecting packet payload, 0 inspect application layer, 0 are decoder event only
[1 - Suricata-Main] 2026-09-18 16:47:01 Info: unix-manager: unix socket '/var/run/suricata/suricata-command.socket'
[1 - Suricata-Main] 2026-09-18 16:47:01 Info: runmodes: eth0: creating 2 threads
[20 - W#01-eth0] 2026-09-18 16:47:01 Info: ioctl: eth0: MTU 1500
[1 - Suricata-Main] 2026-09-18 16:47:01 Notice: threads: Threads created -> W: 2 FM: 1 FR: 1   Engine started.
[1 - Suricata-Main] 2026-09-18 16:47:53 Notice: suricata: Signal Received.  Stopping engine.
[1 - Suricata-Main] 2026-09-18 16:47:53 Info: suricata: time elapsed 52.032s
[1 - Suricata-Main] 2026-09-18 16:47:54 Info: counters: Alerts: 0
[19 - US] 2026-09-18 16:47:54 Info: unix-manager: unix socket '/var/run/suricata/suricata-command.socket' closed
[1 - Suricata-Main] 2026-09-18 16:47:54 Notice: device: eth0: packets: 26, drops: 0 (0.00%), invalid chksum: 0
[1 - Suricata-Main] 2026-09-18 16:48:08 Notice: suricata: This is Suricata version 8.0.7 RELEASE running in SYSTEM mode
[1 - Suricata-Main] 2026-09-18 16:48:08 Info: cpu: CPUs/cores online: 2
[1 - Suricata-Main] 2026-09-18 16:48:08 Info: suricata: Setting engine mode to IDS mode by default
[1 - Suricata-Main] 2026-09-18 16:48:08 Info: exception-policy: master exception-policy set to: auto
[1 - Suricata-Main] 2026-09-18 16:48:09 Info: privs: dropped the caps for main thread
[1 - Suricata-Main] 2026-09-18 16:48:09 Info: conf: Running in live mode, activating unix socket
[1 - Suricata-Main] 2026-09-18 16:48:09 Info: logopenfile: fast output device (regular) initialized: fast.log
[1 - Suricata-Main] 2026-09-18 16:48:09 Info: logopenfile: eve-log output device (regular) initialized: eve.json
[1 - Suricata-Main] 2026-09-18 16:48:09 Info: logopenfile: stats output device (regular) initialized: stats.log
[1 - Suricata-Main] 2026-09-18 16:48:09 Info: detect: 1 rule files processed. 9 rules successfully loaded, 0 rules failed, 0 rules skipped
[1 - Suricata-Main] 2026-09-18 16:48:09 Info: threshold-config: Threshold config parsed: 0 rule(s) found
[1 - Suricata-Main] 2026-09-18 16:48:09 Info: detect: 9 signatures processed. 0 are IP-only rules, 8 are inspecting packet payload, 0 inspect application layer, 0 are decoder event only
[1 - Suricata-Main] 2026-09-18 16:48:09 Info: unix-manager: unix socket '/var/run/suricata/suricata-command.socket'
[1 - Suricata-Main] 2026-09-18 16:48:09 Info: runmodes: eth0: creating 2 threads
[21 - W#01-eth0] 2026-09-18 16:48:09 Info: ioctl: eth0: MTU 1500
[1 - Suricata-Main] 2026-09-18 16:48:09 Notice: threads: Threads created -> W: 2 FM: 1 FR: 1   Engine started.
[1 - Suricata-Main] 2026-09-18 16:53:50 Notice: suricata: Signal Received.  Stopping engine.
[1 - Suricata-Main] 2026-09-18 16:53:51 Info: suricata: time elapsed 341.987s
[1 - Suricata-Main] 2026-09-18 16:53:51 Info: counters: Alerts: 0
[20 - US] 2026-09-18 16:53:51 Info: unix-manager: unix socket '/var/run/suricata/suricata-command.socket' closed
[1 - Suricata-Main] 2026-09-18 16:53:51 Notice: device: eth0: packets: 31, drops: 0 (0.00%), invalid chksum: 0
[1 - Suricata-Main] 2026-09-18 16:54:09 Notice: suricata: This is Suricata version 8.0.7 RELEASE running in SYSTEM mode
[1 - Suricata-Main] 2026-09-18 16:54:09 Info: cpu: CPUs/cores online: 2
[1 - Suricata-Main] 2026-09-18 16:54:09 Info: suricata: Setting engine mode to IDS mode by default
[1 - Suricata-Main] 2026-09-18 16:54:09 Info: exception-policy: master exception-policy set to: auto
[1 - Suricata-Main] 2026-09-18 16:54:09 Info: privs: dropped the caps for main thread
[1 - Suricata-Main] 2026-09-18 16:54:09 Info: conf: Running in live mode, activating unix socket
[1 - Suricata-Main] 2026-09-18 16:54:09 Info: logopenfile: fast output device (regular) initialized: fast.log
[1 - Suricata-Main] 2026-09-18 16:54:09 Info: logopenfile: eve-log output device (regular) initialized: eve.json
[1 - Suricata-Main] 2026-09-18 16:54:09 Info: logopenfile: stats output device (regular) initialized: stats.log
[1 - Suricata-Main] 2026-09-18 16:54:09 Info: detect: 1 rule files processed. 9 rules successfully loaded, 0 rules failed, 0 rules skipped
[1 - Suricata-Main] 2026-09-18 16:54:09 Info: threshold-config: Threshold config parsed: 0 rule(s) found
[1 - Suricata-Main] 2026-09-18 16:54:09 Info: detect: 9 signatures processed. 0 are IP-only rules, 8 are inspecting packet payload, 0 inspect application layer, 0 are decoder event only
[1 - Suricata-Main] 2026-09-18 16:54:09 Info: unix-manager: unix socket '/var/run/suricata/suricata-command.socket'
[1 - Suricata-Main] 2026-09-18 16:54:09 Info: runmodes: eth0: creating 2 threads
[22 - W#01-eth0] 2026-09-18 16:54:09 Info: ioctl: eth0: MTU 1500
[1 - Suricata-Main] 2026-09-18 16:54:09 Notice: threads: Threads created -> W: 2 FM: 1 FR: 1   Engine started.
[1 - Suricata-Main] 2026-09-18 16:57:14 Notice: suricata: Signal Received.  Stopping engine.
[1 - Suricata-Main] 2026-09-18 16:57:15 Info: suricata: time elapsed 185.842s
[1 - Suricata-Main] 2026-09-18 16:57:16 Info: counters: Alerts: 0
[21 - US] 2026-09-18 16:57:16 Info: unix-manager: unix socket '/var/run/suricata/suricata-command.socket' closed
[1 - Suricata-Main] 2026-09-18 16:57:16 Notice: device: eth0: packets: 30, drops: 0 (0.00%), invalid chksum: 0
[1 - Suricata-Main] 2026-09-18 16:57:32 Notice: suricata: This is Suricata version 8.0.7 RELEASE running in SYSTEM mode
[1 - Suricata-Main] 2026-09-18 16:57:32 Info: cpu: CPUs/cores online: 2
[1 - Suricata-Main] 2026-09-18 16:57:32 Info: suricata: Setting engine mode to IDS mode by default
[1 - Suricata-Main] 2026-09-18 16:57:32 Info: exception-policy: master exception-policy set to: auto
[1 - Suricata-Main] 2026-09-18 16:57:32 Info: privs: dropped the caps for main thread
[1 - Suricata-Main] 2026-09-18 16:57:32 Info: conf: Running in live mode, activating unix socket
[1 - Suricata-Main] 2026-09-18 16:57:32 Info: logopenfile: fast output device (regular) initialized: fast.log
[1 - Suricata-Main] 2026-09-18 16:57:32 Info: logopenfile: eve-log output device (regular) initialized: eve.json
[1 - Suricata-Main] 2026-09-18 16:57:32 Info: logopenfile: stats output device (regular) initialized: stats.log
[1 - Suricata-Main] 2026-09-18 16:57:32 Info: detect: 1 rule files processed. 9 rules successfully loaded, 0 rules failed, 0 rules skipped
[1 - Suricata-Main] 2026-09-18 16:57:32 Info: threshold-config: Threshold config parsed: 0 rule(s) found
[1 - Suricata-Main] 2026-09-18 16:57:32 Info: detect: 9 signatures processed. 0 are IP-only rules, 8 are inspecting packet payload, 0 inspect application layer, 0 are decoder event only
[1 - Suricata-Main] 2026-09-18 16:57:32 Info: unix-manager: unix socket '/var/run/suricata/suricata-command.socket'
[1 - Suricata-Main] 2026-09-18 16:57:32 Info: runmodes: eth0: creating 2 threads
[21 - W#01-eth0] 2026-09-18 16:57:32 Info: ioctl: eth0: MTU 1500
[1 - Suricata-Main] 2026-09-18 16:57:32 Notice: threads: Threads created -> W: 2 FM: 1 FR: 1   Engine started.
[1 - Suricata-Main] 2026-09-18 17:08:08 Notice: suricata: Signal Received.  Stopping engine.
[1 - Suricata-Main] 2026-09-18 17:08:08 Info: suricata: time elapsed 636.431s
[1 - Suricata-Main] 2026-09-18 17:08:09 Info: counters: Alerts: 10006
[20 - US] 2026-09-18 17:08:09 Info: unix-manager: unix socket '/var/run/suricata/suricata-command.socket' closed
[1 - Suricata-Main] 2026-09-18 17:08:09 Notice: device: eth0: packets: 20055, drops: 0 (0.00%), invalid chksum: 0
[1 - Suricata-Main] 2026-09-18 18:21:42 Notice: suricata: This is Suricata version 8.0.7 RELEASE running in SYSTEM mode
[1 - Suricata-Main] 2026-09-18 18:21:42 Info: cpu: CPUs/cores online: 2
[1 - Suricata-Main] 2026-09-18 18:21:42 Info: suricata: Setting engine mode to IDS mode by default
[1 - Suricata-Main] 2026-09-18 18:21:42 Info: exception-policy: master exception-policy set to: auto
[1 - Suricata-Main] 2026-09-18 18:21:43 Info: privs: dropped the caps for main thread
[1 - Suricata-Main] 2026-09-18 18:21:43 Info: conf: Running in live mode, activating unix socket
[1 - Suricata-Main] 2026-09-18 18:21:43 Info: logopenfile: fast output device (regular) initialized: fast.log
[1 - Suricata-Main] 2026-09-18 18:21:43 Info: logopenfile: eve-log output device (regular) initialized: eve.json
[1 - Suricata-Main] 2026-09-18 18:21:43 Info: logopenfile: stats output device (regular) initialized: stats.log
[1 - Suricata-Main] 2026-09-18 18:21:43 Info: detect: 1 rule files processed. 9 rules successfully loaded, 0 rules failed, 0 rules skipped
[1 - Suricata-Main] 2026-09-18 18:21:43 Info: threshold-config: Threshold config parsed: 0 rule(s) found
[1 - Suricata-Main] 2026-09-18 18:21:43 Info: detect: 9 signatures processed. 0 are IP-only rules, 8 are inspecting packet payload, 0 inspect application layer, 0 are decoder event only
[1 - Suricata-Main] 2026-09-18 18:21:43 Info: unix-manager: unix socket '/var/run/suricata/suricata-command.socket'
[1 - Suricata-Main] 2026-09-18 18:21:43 Info: runmodes: eth0: creating 2 threads
[21 - W#01-eth0] 2026-09-18 18:21:43 Info: ioctl: eth0: MTU 1500
[1 - Suricata-Main] 2026-09-18 18:21:43 Notice: threads: Threads created -> W: 2 FM: 1 FR: 1   Engine started.
[1 - Suricata-Main] 2026-09-18 18:28:33 Notice: suricata: Signal Received.  Stopping engine.
[1 - Suricata-Main] 2026-09-18 18:28:34 Info: suricata: time elapsed 411.458s
[1 - Suricata-Main] 2026-09-18 18:28:34 Info: counters: Alerts: 20012
[20 - US] 2026-09-18 18:28:34 Info: unix-manager: unix socket '/var/run/suricata/suricata-command.socket' closed
[1 - Suricata-Main] 2026-09-18 18:28:34 Notice: device: eth0: packets: 40060, drops: 0 (0.00%), invalid chksum: 0
[1 - Suricata-Main] 2026-09-18 18:29:32 Notice: suricata: This is Suricata version 8.0.7 RELEASE running in SYSTEM mode
[1 - Suricata-Main] 2026-09-18 18:29:32 Info: cpu: CPUs/cores online: 2
[1 - Suricata-Main] 2026-09-18 18:29:32 Info: suricata: Setting engine mode to IDS mode by default
[1 - Suricata-Main] 2026-09-18 18:29:32 Info: exception-policy: master exception-policy set to: auto
[1 - Suricata-Main] 2026-09-18 18:29:33 Info: privs: dropped the caps for main thread
[1 - Suricata-Main] 2026-09-18 18:29:33 Info: conf: Running in live mode, activating unix socket
[1 - Suricata-Main] 2026-09-18 18:29:33 Info: logopenfile: fast output device (regular) initialized: fast.log
[1 - Suricata-Main] 2026-09-18 18:29:33 Info: logopenfile: eve-log output device (regular) initialized: eve.json
[1 - Suricata-Main] 2026-09-18 18:29:33 Info: logopenfile: stats output device (regular) initialized: stats.log
[1 - Suricata-Main] 2026-09-18 18:29:33 Info: detect: 1 rule files processed. 9 rules successfully loaded, 0 rules failed, 0 rules skipped
[1 - Suricata-Main] 2026-09-18 18:29:33 Info: threshold-config: Threshold config parsed: 0 rule(s) found
[1 - Suricata-Main] 2026-09-18 18:29:33 Info: detect: 9 signatures processed. 0 are IP-only rules, 8 are inspecting packet payload, 0 inspect application layer, 0 are decoder event only
[1 - Suricata-Main] 2026-09-18 18:29:33 Info: unix-manager: unix socket '/var/run/suricata/suricata-command.socket'
[1 - Suricata-Main] 2026-09-18 18:29:33 Info: runmodes: eth0: creating 2 threads
[21 - W#01-eth0] 2026-09-18 18:29:33 Info: ioctl: eth0: MTU 1500
[1 - Suricata-Main] 2026-09-18 18:29:33 Notice: threads: Threads created -> W: 2 FM: 1 FR: 1   Engine started.
[1 - Suricata-Main] 2026-09-18 18:43:09 Notice: suricata: Signal Received.  Stopping engine.
[1 - Suricata-Main] 2026-09-18 18:43:09 Info: suricata: time elapsed 816.271s
[1 - Suricata-Main] 2026-09-18 18:43:09 Info: counters: Alerts: 10006
[20 - US] 2026-09-18 18:43:09 Info: unix-manager: unix socket '/var/run/suricata/suricata-command.socket' closed
[1 - Suricata-Main] 2026-09-18 18:43:09 Notice: device: eth0: packets: 20042, drops: 0 (0.00%), invalid chksum: 0
[1 - Suricata-Main] 2026-09-18 19:40:45 Notice: suricata: This is Suricata version 8.0.7 RELEASE running in SYSTEM mode
[1 - Suricata-Main] 2026-09-18 19:40:45 Info: cpu: CPUs/cores online: 2
[1 - Suricata-Main] 2026-09-18 19:40:45 Info: suricata: Setting engine mode to IDS mode by default
[1 - Suricata-Main] 2026-09-18 19:40:45 Info: exception-policy: master exception-policy set to: auto
[1 - Suricata-Main] 2026-09-18 19:40:45 Info: privs: dropped the caps for main thread
[1 - Suricata-Main] 2026-09-18 19:40:45 Info: conf: Running in live mode, activating unix socket
[1 - Suricata-Main] 2026-09-18 19:40:45 Info: logopenfile: fast output device (regular) initialized: fast.log
[1 - Suricata-Main] 2026-09-18 19:40:45 Info: logopenfile: eve-log output device (regular) initialized: eve.json
[1 - Suricata-Main] 2026-09-18 19:40:45 Info: logopenfile: stats output device (regular) initialized: stats.log
[1 - Suricata-Main] 2026-09-18 19:40:45 Info: detect: 1 rule files processed. 9 rules successfully loaded, 0 rules failed, 0 rules skipped
[1 - Suricata-Main] 2026-09-18 19:40:45 Info: threshold-config: Threshold config parsed: 0 rule(s) found
[1 - Suricata-Main] 2026-09-18 19:40:45 Info: detect: 9 signatures processed. 0 are IP-only rules, 8 are inspecting packet payload, 0 inspect application layer, 0 are decoder event only
[1 - Suricata-Main] 2026-09-18 19:40:45 Info: unix-manager: unix socket '/var/run/suricata/suricata-command.socket'
[1 - Suricata-Main] 2026-09-18 19:40:46 Info: runmodes: eth0: creating 2 threads
[21 - W#01-eth0] 2026-09-18 19:40:46 Info: ioctl: eth0: MTU 1500
[1 - Suricata-Main] 2026-09-18 19:40:46 Notice: threads: Threads created -> W: 2 FM: 1 FR: 1   Engine started.
[1 - Suricata-Main] 2026-09-18 19:46:05 Notice: suricata: Signal Received.  Stopping engine.
[1 - Suricata-Main] 2026-09-18 19:46:05 Info: suricata: time elapsed 319.809s
[1 - Suricata-Main] 2026-09-18 19:46:05 Info: counters: Alerts: 10006
[20 - US] 2026-09-18 19:46:05 Info: unix-manager: unix socket '/var/run/suricata/suricata-command.socket' closed
[1 - Suricata-Main] 2026-09-18 19:46:05 Notice: device: eth0: packets: 20045, drops: 0 (0.00%), invalid chksum: 0
[1 - Suricata-Main] 2026-09-18 19:46:50 Notice: suricata: This is Suricata version 8.0.7 RELEASE running in SYSTEM mode
[1 - Suricata-Main] 2026-09-18 19:46:50 Info: cpu: CPUs/cores online: 2
[1 - Suricata-Main] 2026-09-18 19:46:50 Info: suricata: Setting engine mode to IDS mode by default
[1 - Suricata-Main] 2026-09-18 19:46:50 Info: exception-policy: master exception-policy set to: auto
[1 - Suricata-Main] 2026-09-18 19:46:51 Info: privs: dropped the caps for main thread
[1 - Suricata-Main] 2026-09-18 19:46:51 Info: conf: Running in live mode, activating unix socket
[1 - Suricata-Main] 2026-09-18 19:46:51 Info: logopenfile: fast output device (regular) initialized: fast.log
[1 - Suricata-Main] 2026-09-18 19:46:51 Info: logopenfile: eve-log output device (regular) initialized: eve.json
[1 - Suricata-Main] 2026-09-18 19:46:51 Info: logopenfile: stats output device (regular) initialized: stats.log
[1 - Suricata-Main] 2026-09-18 19:46:51 Info: detect: 1 rule files processed. 9 rules successfully loaded, 0 rules failed, 0 rules skipped
[1 - Suricata-Main] 2026-09-18 19:46:51 Info: threshold-config: Threshold config parsed: 0 rule(s) found
[1 - Suricata-Main] 2026-09-18 19:46:51 Info: detect: 9 signatures processed. 0 are IP-only rules, 8 are inspecting packet payload, 0 inspect application layer, 0 are decoder event only
[1 - Suricata-Main] 2026-09-18 19:46:51 Info: unix-manager: unix socket '/var/run/suricata/suricata-command.socket'
[1 - Suricata-Main] 2026-09-18 19:46:51 Info: runmodes: eth0: creating 2 threads
[22 - W#01-eth0] 2026-09-18 19:46:51 Info: ioctl: eth0: MTU 1500
[1 - Suricata-Main] 2026-09-18 19:46:51 Notice: threads: Threads created -> W: 2 FM: 1 FR: 1   Engine started.
[1 - Suricata-Main] 2026-09-18 19:47:05 Notice: suricata: Signal Received.  Stopping engine.
[1 - Suricata-Main] 2026-09-18 19:47:06 Info: suricata: time elapsed 15.006s
[1 - Suricata-Main] 2026-09-18 19:47:07 Info: counters: Alerts: 0
[21 - US] 2026-09-18 19:47:07 Info: unix-manager: unix socket '/var/run/suricata/suricata-command.socket' closed
[1 - Suricata-Main] 2026-09-18 19:47:07 Notice: device: eth0: packets: 26, drops: 0 (0.00%), invalid chksum: 0
[1 - Suricata-Main] 2026-09-18 19:48:36 Notice: suricata: This is Suricata version 8.0.7 RELEASE running in SYSTEM mode
[1 - Suricata-Main] 2026-09-18 19:48:36 Info: cpu: CPUs/cores online: 2
[1 - Suricata-Main] 2026-09-18 19:48:36 Info: suricata: Setting engine mode to IDS mode by default
[1 - Suricata-Main] 2026-09-18 19:48:36 Info: exception-policy: master exception-policy set to: auto
[1 - Suricata-Main] 2026-09-18 19:48:36 Info: privs: dropped the caps for main thread
[1 - Suricata-Main] 2026-09-18 19:48:36 Info: conf: Running in live mode, activating unix socket
[1 - Suricata-Main] 2026-09-18 19:48:36 Info: logopenfile: fast output device (regular) initialized: fast.log
[1 - Suricata-Main] 2026-09-18 19:48:36 Info: logopenfile: eve-log output device (regular) initialized: eve.json
[1 - Suricata-Main] 2026-09-18 19:48:36 Info: logopenfile: stats output device (regular) initialized: stats.log
[1 - Suricata-Main] 2026-09-18 19:48:36 Error: detect-parse: protocol "modbus" cannot be used in a signature.  Either detection for this protocol is not yet supported OR detection has been disabled for protocol through the yaml option app-layer.protocols.modbus.detection-enabled
[1 - Suricata-Main] 2026-09-18 19:48:36 Error: detect: error parsing signature "alert modbus any any -> any any (msg:"SURICATA Modbus invalid Protocol version"; app-layer-event:modbus.invalid_protocol_id; classtype:protocol-command-decode; sid:2250001; rev:2;)" from file /var/lib/suricata/rules/suricata.rules at line 6
[1 - Suricata-Main] 2026-09-18 19:48:36 Error: detect-parse: protocol "modbus" cannot be used in a signature.  Either detection for this protocol is not yet supported OR detection has been disabled for protocol through the yaml option app-layer.protocols.modbus.detection-enabled
[1 - Suricata-Main] 2026-09-18 19:48:36 Error: detect: error parsing signature "alert modbus any any -> any any (msg:"SURICATA Modbus unsolicited response"; app-layer-event:modbus.unsolicited_response; classtype:protocol-command-decode; sid:2250002; rev:2;)" from file /var/lib/suricata/rules/suricata.rules at line 9
[1 - Suricata-Main] 2026-09-18 19:48:36 Error: detect-parse: protocol "modbus" cannot be used in a signature.  Either detection for this protocol is not yet supported OR detection has been disabled for protocol through the yaml option app-layer.protocols.modbus.detection-enabled
[1 - Suricata-Main] 2026-09-18 19:48:36 Error: detect: error parsing signature "alert modbus any any -> any any (msg:"SURICATA Modbus invalid Length"; app-layer-event:modbus.invalid_length; classtype:protocol-command-decode; sid:2250003; rev:2;)" from file /var/lib/suricata/rules/suricata.rules at line 12
[1 - Suricata-Main] 2026-09-18 19:48:36 Error: detect-parse: protocol "modbus" cannot be used in a signature.  Either detection for this protocol is not yet supported OR detection has been disabled for protocol through the yaml option app-layer.protocols.modbus.detection-enabled
[1 - Suricata-Main] 2026-09-18 19:48:36 Error: detect: error parsing signature "alert modbus any any -> any any (msg:"SURICATA Modbus invalid Function code"; app-layer-event:modbus.invalid_function_code; classtype:protocol-command-decode; sid:2250005; rev:2;)" from file /var/lib/suricata/rules/suricata.rules at line 15
[1 - Suricata-Main] 2026-09-18 19:48:36 Error: detect-parse: protocol "modbus" cannot be used in a signature.  Either detection for this protocol is not yet supported OR detection has been disabled for protocol through the yaml option app-layer.protocols.modbus.detection-enabled
[1 - Suricata-Main] 2026-09-18 19:48:36 Error: detect: error parsing signature "alert modbus any any -> any any (msg:"SURICATA Modbus invalid Value"; app-layer-event:modbus.invalid_value; classtype:protocol-command-decode; sid:2250006; rev:2;)" from file /var/lib/suricata/rules/suricata.rules at line 18
[1 - Suricata-Main] 2026-09-18 19:48:36 Error: detect-parse: protocol "modbus" cannot be used in a signature.  Either detection for this protocol is not yet supported OR detection has been disabled for protocol through the yaml option app-layer.protocols.modbus.detection-enabled
[1 - Suricata-Main] 2026-09-18 19:48:36 Error: detect: error parsing signature "alert modbus any any -> any any (msg:"SURICATA Modbus Exception code invalid"; flow:to_client; app-layer-event:modbus.invalid_exception_code; classtype:protocol-command-decode; sid:2250007; rev:2;)" from file /var/lib/suricata/rules/suricata.rules at line 21
[1 - Suricata-Main] 2026-09-18 19:48:36 Error: detect-parse: protocol "modbus" cannot be used in a signature.  Either detection for this protocol is not yet supported OR detection has been disabled for protocol through the yaml option app-layer.protocols.modbus.detection-enabled
[1 - Suricata-Main] 2026-09-18 19:48:36 Error: detect: error parsing signature "alert modbus any any -> any any (msg:"SURICATA Modbus Data mismatch"; flow:to_client; app-layer-event:modbus.value_mismatch; classtype:protocol-command-decode; sid:2250008; rev:2;)" from file /var/lib/suricata/rules/suricata.rules at line 24
[1 - Suricata-Main] 2026-09-18 19:48:36 Error: detect-parse: protocol "modbus" cannot be used in a signature.  Either detection for this protocol is not yet supported OR detection has been disabled for protocol through the yaml option app-layer.protocols.modbus.detection-enabled
[1 - Suricata-Main] 2026-09-18 19:48:36 Error: detect: error parsing signature "alert modbus any any -> any any (msg:"SURICATA Modbus Request flood detected"; flow:to_server; app-layer-event:modbus.flooded; classtype:protocol-command-decode; sid:2250009; rev:2;)" from file /var/lib/suricata/rules/suricata.rules at line 27
[1 - Suricata-Main] 2026-09-18 19:48:36 Info: detect: 1 rule files processed. 9 rules successfully loaded, 8 rules failed, 0 rules skipped
[1 - Suricata-Main] 2026-09-18 19:48:36 Info: threshold-config: Threshold config parsed: 0 rule(s) found
[1 - Suricata-Main] 2026-09-18 19:48:36 Info: detect: 9 signatures processed. 0 are IP-only rules, 8 are inspecting packet payload, 0 inspect application layer, 0 are decoder event only
[1 - Suricata-Main] 2026-09-18 19:48:36 Info: unix-manager: unix socket '/var/run/suricata/suricata-command.socket'
[1 - Suricata-Main] 2026-09-18 19:48:36 Info: runmodes: eth0: creating 2 threads
[21 - W#01-eth0] 2026-09-18 19:48:36 Info: ioctl: eth0: MTU 1500
[1 - Suricata-Main] 2026-09-18 19:48:36 Notice: threads: Threads created -> W: 2 FM: 1 FR: 1   Engine started.
[52 - Suricata-Main] 2026-09-18 19:58:23 Notice: suricata: This is Suricata version 8.0.7 RELEASE running in SYSTEM mode
[52 - Suricata-Main] 2026-09-18 19:58:23 Info: cpu: CPUs/cores online: 2
[52 - Suricata-Main] 2026-09-18 19:58:23 Info: suricata: Running suricata under test mode
[52 - Suricata-Main] 2026-09-18 19:58:23 Info: suricata: Setting engine mode to IDS mode by default
[52 - Suricata-Main] 2026-09-18 19:58:23 Info: exception-policy: master exception-policy set to: auto
[52 - Suricata-Main] 2026-09-18 19:58:23 Info: logopenfile: fast output device (regular) initialized: fast.log
[52 - Suricata-Main] 2026-09-18 19:58:23 Info: logopenfile: eve-log output device (regular) initialized: eve.json
[52 - Suricata-Main] 2026-09-18 19:58:23 Info: logopenfile: stats output device (regular) initialized: stats.log
[52 - Suricata-Main] 2026-09-18 19:58:23 Warning: detect: No rule files match the pattern /etc/suricata/rules/modbus.rules
[1 - Suricata-Main] 2026-09-18 19:59:49 Notice: suricata: Signal Received.  Stopping engine.
[1 - Suricata-Main] 2026-09-18 19:59:50 Info: suricata: time elapsed 673.467s
[1 - Suricata-Main] 2026-09-18 19:59:50 Info: counters: Alerts: 0
[20 - US] 2026-09-18 19:59:50 Info: unix-manager: unix socket '/var/run/suricata/suricata-command.socket' closed
[1 - Suricata-Main] 2026-09-18 19:59:50 Notice: device: eth0: packets: 20041, drops: 0 (0.00%), invalid chksum: 0
[1 - Suricata-Main] 2026-09-18 20:01:02 Notice: suricata: This is Suricata version 8.0.7 RELEASE running in SYSTEM mode
[1 - Suricata-Main] 2026-09-18 20:01:02 Info: cpu: CPUs/cores online: 2
[1 - Suricata-Main] 2026-09-18 20:01:02 Info: suricata: Setting engine mode to IDS mode by default
[1 - Suricata-Main] 2026-09-18 20:01:02 Info: exception-policy: master exception-policy set to: auto
[1 - Suricata-Main] 2026-09-18 20:01:02 Info: privs: dropped the caps for main thread
[1 - Suricata-Main] 2026-09-18 20:01:02 Info: conf: Running in live mode, activating unix socket
[1 - Suricata-Main] 2026-09-18 20:01:02 Info: logopenfile: fast output device (regular) initialized: fast.log
[1 - Suricata-Main] 2026-09-18 20:01:02 Info: logopenfile: eve-log output device (regular) initialized: eve.json
[1 - Suricata-Main] 2026-09-18 20:01:02 Info: logopenfile: stats output device (regular) initialized: stats.log
[1 - Suricata-Main] 2026-09-18 20:01:02 Error: detect-parse: Signature missing required value "sid".
[1 - Suricata-Main] 2026-09-18 20:01:02 Error: detect: error parsing signature "cat > /etc/suricata/rules/modbus-simple.rules << 'EOF'" from file /var/lib/suricata/rules/suricata.rules at line 1
[1 - Suricata-Main] 2026-09-18 20:01:02 Info: detect: 1 rule files processed. 4 rules successfully loaded, 1 rules failed, 0 rules skipped
[1 - Suricata-Main] 2026-09-18 20:01:02 Info: threshold-config: Threshold config parsed: 0 rule(s) found
[1 - Suricata-Main] 2026-09-18 20:01:02 Info: detect: 4 signatures processed. 1 are IP-only rules, 2 are inspecting packet payload, 0 inspect application layer, 0 are decoder event only
[1 - Suricata-Main] 2026-09-18 20:01:02 Warning: detect: rule 2000050: SYN-only to port(s) 502:502 w/o direction specified, disabling for toclient direction
[1 - Suricata-Main] 2026-09-18 20:01:02 Info: unix-manager: unix socket '/var/run/suricata/suricata-command.socket'
[1 - Suricata-Main] 2026-09-18 20:01:02 Info: runmodes: eth0: creating 2 threads
[21 - W#01-eth0] 2026-09-18 20:01:02 Info: ioctl: eth0: MTU 1500
[1 - Suricata-Main] 2026-09-18 20:01:02 Notice: threads: Threads created -> W: 2 FM: 1 FR: 1   Engine started.
[1 - Suricata-Main] 2026-09-18 20:02:43 Notice: suricata: Signal Received.  Stopping engine.
[1 - Suricata-Main] 2026-09-18 20:02:43 Info: suricata: time elapsed 101.658s
[1 - Suricata-Main] 2026-09-18 20:02:44 Info: counters: Alerts: 0
[20 - US] 2026-09-18 20:02:44 Info: unix-manager: unix socket '/var/run/suricata/suricata-command.socket' closed
[1 - Suricata-Main] 2026-09-18 20:02:44 Notice: device: eth0: packets: 26, drops: 0 (0.00%), invalid chksum: 0
[1 - Suricata-Main] 2026-09-18 20:03:15 Notice: suricata: This is Suricata version 8.0.7 RELEASE running in SYSTEM mode
[1 - Suricata-Main] 2026-09-18 20:03:15 Info: cpu: CPUs/cores online: 2
[1 - Suricata-Main] 2026-09-18 20:03:15 Info: suricata: Setting engine mode to IDS mode by default
[1 - Suricata-Main] 2026-09-18 20:03:15 Info: exception-policy: master exception-policy set to: auto
[1 - Suricata-Main] 2026-09-18 20:03:15 Info: privs: dropped the caps for main thread
[1 - Suricata-Main] 2026-09-18 20:03:15 Info: conf: Running in live mode, activating unix socket
[1 - Suricata-Main] 2026-09-18 20:03:15 Info: logopenfile: fast output device (regular) initialized: fast.log
[1 - Suricata-Main] 2026-09-18 20:03:15 Info: logopenfile: eve-log output device (regular) initialized: eve.json
[1 - Suricata-Main] 2026-09-18 20:03:15 Info: logopenfile: stats output device (regular) initialized: stats.log
[1 - Suricata-Main] 2026-09-18 20:03:15 Info: detect: 1 rule files processed. 4 rules successfully loaded, 0 rules failed, 0 rules skipped
[1 - Suricata-Main] 2026-09-18 20:03:15 Info: threshold-config: Threshold config parsed: 0 rule(s) found
[1 - Suricata-Main] 2026-09-18 20:03:15 Info: detect: 4 signatures processed. 1 are IP-only rules, 2 are inspecting packet payload, 0 inspect application layer, 0 are decoder event only
[1 - Suricata-Main] 2026-09-18 20:03:15 Warning: detect: rule 2000050: SYN-only to port(s) 502:502 w/o direction specified, disabling for toclient direction
[1 - Suricata-Main] 2026-09-18 20:03:15 Info: unix-manager: unix socket '/var/run/suricata/suricata-command.socket'
[1 - Suricata-Main] 2026-09-18 20:03:15 Info: runmodes: eth0: creating 2 threads
[21 - W#01-eth0] 2026-09-18 20:03:15 Info: ioctl: eth0: MTU 1500
[1 - Suricata-Main] 2026-09-18 20:03:15 Notice: threads: Threads created -> W: 2 FM: 1 FR: 1   Engine started.
[1 - Suricata-Main] 2026-09-18 20:15:31 Notice: suricata: Signal Received.  Stopping engine.
[1 - Suricata-Main] 2026-09-18 20:15:32 Info: suricata: time elapsed 736.384s
[1 - Suricata-Main] 2026-09-18 20:15:32 Info: counters: Alerts: 2
[20 - US] 2026-09-18 20:15:32 Info: unix-manager: unix socket '/var/run/suricata/suricata-command.socket' closed
[1 - Suricata-Main] 2026-09-18 20:15:32 Notice: device: eth0: packets: 55480, drops: 384 (0.69%), invalid chksum: 0
[1 - Suricata-Main] 2026-09-18 20:16:15 Notice: suricata: This is Suricata version 8.0.7 RELEASE running in SYSTEM mode
[1 - Suricata-Main] 2026-09-18 20:16:15 Info: cpu: CPUs/cores online: 2
[1 - Suricata-Main] 2026-09-18 20:16:15 Info: suricata: Setting engine mode to IDS mode by default
[1 - Suricata-Main] 2026-09-18 20:16:15 Info: exception-policy: master exception-policy set to: auto
[1 - Suricata-Main] 2026-09-18 20:16:16 Info: privs: dropped the caps for main thread
[1 - Suricata-Main] 2026-09-18 20:16:16 Info: conf: Running in live mode, activating unix socket
[1 - Suricata-Main] 2026-09-18 20:16:16 Info: logopenfile: fast output device (regular) initialized: fast.log
[1 - Suricata-Main] 2026-09-18 20:16:16 Info: logopenfile: eve-log output device (regular) initialized: eve.json
[1 - Suricata-Main] 2026-09-18 20:16:16 Info: logopenfile: stats output device (regular) initialized: stats.log
[1 - Suricata-Main] 2026-09-18 20:16:16 Error: detect-parse: protocol "modbus" cannot be used in a signature.  Either detection for this protocol is not yet supported OR detection has been disabled for protocol through the yaml option app-layer.protocols.modbus.detection-enabled
[1 - Suricata-Main] 2026-09-18 20:16:16 Error: detect: error parsing signature "alert modbus any any -> any any (msg:"SURICATA Modbus invalid Protocol version"; app-layer-event:modbus.invalid_protocol_id; classtype:protocol-command-decode; sid:2250001; rev:2;)" from file /var/lib/suricata/rules/suricata.rules at line 2
[1 - Suricata-Main] 2026-09-18 20:16:16 Error: detect-parse: protocol "modbus" cannot be used in a signature.  Either detection for this protocol is not yet supported OR detection has been disabled for protocol through the yaml option app-layer.protocols.modbus.detection-enabled
[1 - Suricata-Main] 2026-09-18 20:16:16 Error: detect: error parsing signature "alert modbus any any -> any any (msg:"SURICATA Modbus unsolicited response"; app-layer-event:modbus.unsolicited_response; classtype:protocol-command-decode; sid:2250002; rev:2;)" from file /var/lib/suricata/rules/suricata.rules at line 4
[1 - Suricata-Main] 2026-09-18 20:16:16 Error: detect-parse: protocol "modbus" cannot be used in a signature.  Either detection for this protocol is not yet supported OR detection has been disabled for protocol through the yaml option app-layer.protocols.modbus.detection-enabled
[1 - Suricata-Main] 2026-09-18 20:16:16 Error: detect: error parsing signature "alert modbus any any -> any any (msg:"SURICATA Modbus invalid Length"; app-layer-event:modbus.invalid_length; classtype:protocol-command-decode; sid:2250003; rev:2;)" from file /var/lib/suricata/rules/suricata.rules at line 6
[1 - Suricata-Main] 2026-09-18 20:16:16 Error: detect-parse: protocol "modbus" cannot be used in a signature.  Either detection for this protocol is not yet supported OR detection has been disabled for protocol through the yaml option app-layer.protocols.modbus.detection-enabled
[1 - Suricata-Main] 2026-09-18 20:16:16 Error: detect: error parsing signature "alert modbus any any -> any any (msg:"SURICATA Modbus invalid Function code"; app-layer-event:modbus.invalid_function_code; classtype:protocol-command-decode; sid:2250005; rev:2;)" from file /var/lib/suricata/rules/suricata.rules at line 8
[1 - Suricata-Main] 2026-09-18 20:16:16 Error: detect-parse: protocol "modbus" cannot be used in a signature.  Either detection for this protocol is not yet supported OR detection has been disabled for protocol through the yaml option app-layer.protocols.modbus.detection-enabled
[1 - Suricata-Main] 2026-09-18 20:16:16 Error: detect: error parsing signature "alert modbus any any -> any any (msg:"SURICATA Modbus invalid Value"; app-layer-event:modbus.invalid_value; classtype:protocol-command-decode; sid:2250006; rev:2;)" from file /var/lib/suricata/rules/suricata.rules at line 10
[1 - Suricata-Main] 2026-09-18 20:16:16 Error: detect-parse: protocol "modbus" cannot be used in a signature.  Either detection for this protocol is not yet supported OR detection has been disabled for protocol through the yaml option app-layer.protocols.modbus.detection-enabled
[1 - Suricata-Main] 2026-09-18 20:16:16 Error: detect: error parsing signature "alert modbus any any -> any any (msg:"SURICATA Modbus Exception code invalid"; flow:to_client; app-layer-event:modbus.invalid_exception_code; classtype:protocol-command-decode; sid:2250007; rev:2;)" from file /var/lib/suricata/rules/suricata.rules at line 12
[1 - Suricata-Main] 2026-09-18 20:16:16 Error: detect-parse: protocol "modbus" cannot be used in a signature.  Either detection for this protocol is not yet supported OR detection has been disabled for protocol through the yaml option app-layer.protocols.modbus.detection-enabled
[1 - Suricata-Main] 2026-09-18 20:16:16 Error: detect: error parsing signature "alert modbus any any -> any any (msg:"SURICATA Modbus Data mismatch"; flow:to_client; app-layer-event:modbus.value_mismatch; classtype:protocol-command-decode; sid:2250008; rev:2;)" from file /var/lib/suricata/rules/suricata.rules at line 14
[1 - Suricata-Main] 2026-09-18 20:16:16 Error: detect-parse: protocol "modbus" cannot be used in a signature.  Either detection for this protocol is not yet supported OR detection has been disabled for protocol through the yaml option app-layer.protocols.modbus.detection-enabled
[1 - Suricata-Main] 2026-09-18 20:16:16 Error: detect: error parsing signature "alert modbus any any -> any any (msg:"SURICATA Modbus Request flood detected"; flow:to_server; app-layer-event:modbus.flooded; classtype:protocol-command-decode; sid:2250009; rev:2;)" from file /var/lib/suricata/rules/suricata.rules at line 16
[1 - Suricata-Main] 2026-09-18 20:16:16 Warning: detect: 1 rule files specified, but no rules were loaded!
[1 - Suricata-Main] 2026-09-18 20:16:16 Info: threshold-config: Threshold config parsed: 0 rule(s) found
[1 - Suricata-Main] 2026-09-18 20:16:16 Info: detect: 0 signatures processed. 0 are IP-only rules, 0 are inspecting packet payload, 0 inspect application layer, 0 are decoder event only
[1 - Suricata-Main] 2026-09-18 20:16:16 Info: unix-manager: unix socket '/var/run/suricata/suricata-command.socket'
[1 - Suricata-Main] 2026-09-18 20:16:16 Info: runmodes: eth0: creating 2 threads
[21 - W#01-eth0] 2026-09-18 20:16:16 Info: ioctl: eth0: MTU 1500
[1 - Suricata-Main] 2026-09-18 20:16:16 Notice: threads: Threads created -> W: 2 FM: 1 FR: 1   Engine started.
[1 - Suricata-Main] 2026-09-18 20:17:02 Notice: suricata: Signal Received.  Stopping engine.
[1 - Suricata-Main] 2026-09-18 20:17:03 Info: suricata: time elapsed 47.025s
[1 - Suricata-Main] 2026-09-18 20:17:04 Info: counters: Alerts: 0
[20 - US] 2026-09-18 20:17:04 Info: unix-manager: unix socket '/var/run/suricata/suricata-command.socket' closed
[1 - Suricata-Main] 2026-09-18 20:17:04 Notice: device: eth0: packets: 25, drops: 0 (0.00%), invalid chksum: 0
[1 - Suricata-Main] 2026-09-18 20:17:36 Notice: suricata: This is Suricata version 8.0.7 RELEASE running in SYSTEM mode
[1 - Suricata-Main] 2026-09-18 20:17:36 Info: cpu: CPUs/cores online: 2
[1 - Suricata-Main] 2026-09-18 20:17:36 Info: suricata: Setting engine mode to IDS mode by default
[1 - Suricata-Main] 2026-09-18 20:17:36 Info: exception-policy: master exception-policy set to: auto
[1 - Suricata-Main] 2026-09-18 20:17:37 Info: privs: dropped the caps for main thread
[1 - Suricata-Main] 2026-09-18 20:17:37 Info: conf: Running in live mode, activating unix socket
[1 - Suricata-Main] 2026-09-18 20:17:37 Info: logopenfile: fast output device (regular) initialized: fast.log
[1 - Suricata-Main] 2026-09-18 20:17:37 Info: logopenfile: eve-log output device (regular) initialized: eve.json
[1 - Suricata-Main] 2026-09-18 20:17:37 Info: logopenfile: stats output device (regular) initialized: stats.log
[1 - Suricata-Main] 2026-09-18 20:17:37 Info: detect: 1 rule files processed. 6 rules successfully loaded, 0 rules failed, 0 rules skipped
[1 - Suricata-Main] 2026-09-18 20:17:37 Info: threshold-config: Threshold config parsed: 0 rule(s) found
[1 - Suricata-Main] 2026-09-18 20:17:37 Info: detect: 6 signatures processed. 1 are IP-only rules, 4 are inspecting packet payload, 0 inspect application layer, 0 are decoder event only
[1 - Suricata-Main] 2026-09-18 20:17:37 Info: unix-manager: unix socket '/var/run/suricata/suricata-command.socket'
[1 - Suricata-Main] 2026-09-18 20:17:37 Info: runmodes: eth0: creating 2 threads
[21 - W#01-eth0] 2026-09-18 20:17:37 Info: ioctl: eth0: MTU 1500
[1 - Suricata-Main] 2026-09-18 20:17:37 Notice: threads: Threads created -> W: 2 FM: 1 FR: 1   Engine started.
[1 - Suricata-Main] 2026-09-18 20:42:28 Notice: suricata: Signal Received.  Stopping engine.
[1 - Suricata-Main] 2026-09-18 20:42:28 Info: suricata: time elapsed 1491.273s
[1 - Suricata-Main] 2026-09-18 20:42:28 Info: counters: Alerts: 10005
[20 - US] 2026-09-18 20:42:28 Info: unix-manager: unix socket '/var/run/suricata/suricata-command.socket' closed
[1 - Suricata-Main] 2026-09-18 20:42:28 Notice: device: eth0: packets: 20052, drops: 0 (0.00%), invalid chksum: 0
[1 - Suricata-Main] 2026-09-18 20:54:42 Notice: suricata: This is Suricata version 8.0.7 RELEASE running in SYSTEM mode
[1 - Suricata-Main] 2026-09-18 20:54:42 Info: cpu: CPUs/cores online: 2
[1 - Suricata-Main] 2026-09-18 20:54:42 Info: suricata: Setting engine mode to IDS mode by default
[1 - Suricata-Main] 2026-09-18 20:54:42 Info: exception-policy: master exception-policy set to: auto
[1 - Suricata-Main] 2026-09-18 20:54:43 Info: privs: dropped the caps for main thread
[1 - Suricata-Main] 2026-09-18 20:54:43 Info: conf: Running in live mode, activating unix socket
[1 - Suricata-Main] 2026-09-18 20:54:43 Info: logopenfile: fast output device (regular) initialized: fast.log
[1 - Suricata-Main] 2026-09-18 20:54:43 Info: logopenfile: eve-log output device (regular) initialized: eve.json
[1 - Suricata-Main] 2026-09-18 20:54:43 Info: logopenfile: stats output device (regular) initialized: stats.log
[1 - Suricata-Main] 2026-09-18 20:54:43 Info: detect: 1 rule files processed. 6 rules successfully loaded, 0 rules failed, 0 rules skipped
[1 - Suricata-Main] 2026-09-18 20:54:43 Info: threshold-config: Threshold config parsed: 0 rule(s) found
[1 - Suricata-Main] 2026-09-18 20:54:43 Info: detect: 6 signatures processed. 1 are IP-only rules, 4 are inspecting packet payload, 0 inspect application layer, 0 are decoder event only
[1 - Suricata-Main] 2026-09-18 20:54:43 Info: unix-manager: unix socket '/var/run/suricata/suricata-command.socket'
[1 - Suricata-Main] 2026-09-18 20:54:43 Info: runmodes: eth0: creating 2 threads
[21 - W#01-eth0] 2026-09-18 20:54:43 Info: ioctl: eth0: MTU 1500
[1 - Suricata-Main] 2026-09-18 20:54:43 Notice: threads: Threads created -> W: 2 FM: 1 FR: 1   Engine started.
[1 - Suricata-Main] 2026-09-18 21:01:06 Notice: suricata: Signal Received.  Stopping engine.
[1 - Suricata-Main] 2026-09-18 21:01:07 Info: suricata: time elapsed 384.621s
[1 - Suricata-Main] 2026-09-18 21:01:07 Info: counters: Alerts: 10003
[20 - US] 2026-09-18 21:01:07 Info: unix-manager: unix socket '/var/run/suricata/suricata-command.socket' closed
[1 - Suricata-Main] 2026-09-18 21:01:07 Notice: device: eth0: packets: 20044, drops: 0 (0.00%), invalid chksum: 0
